1,,Jonathan Taylor (IND)    ,RB1,14,3 out of 5 stars 3 out of 5 stars 3 out of 5 stars 3 out of 5 stars 3 out of 5 stars,0
2,,Christian McCaffrey (CAR)      ,RB2,13,3 out of 5 stars 3 out of 5 stars 3 out of 5 stars 3 out of 5 stars 3 out of 5 stars,0
3,,Derrick Henry (TEN)     ,RB3,6,4 out of 5 stars 4 out of 5 stars 4 out of 5 stars 4 out of 5 stars 4 out of 5 stars,1
4,,Dalvin Cook (MIN)      ,RB4,7,4 out of 5 stars 4 out of 5 stars 4 out of 5 stars 4 out of 5 stars 4 out of 5 stars,4
5,,Austin Ekeler (LAC)    ,RB5,8,2 out of 5 stars 2 out of 5 stars 2 out of 5 stars 2 out of 5 stars 2 out of 5 stars,-2
6,,Joe Mixon (CIN)     ,RB6,10,3 out of 5 stars 3 out of 5 stars 3 out of 5 stars 3 out of 5 stars 3 out of 5 stars,3
7,,Najee Harris (PIT)    ,RB7,9,3 out of 5 stars 3 out of 5 stars 3 out of 5 stars 3 out of 5 stars 3 out of 5 stars,-1
8,,Justin Jefferson (MIN)     ,WR1,7,2 out of 5 stars 2 out of 5 stars 2 out of 5 stars 2 out of 5 stars 2 out of 5 stars,-1
9,,Cooper Kupp (LAR)     ,WR2,7,2 out of 5 stars 2 out of 5 stars 2 out of 5 stars 2 out of 5 stars 2 out of 5 stars,-4
10,,Nick Chubb (CLE)     ,RB8,9,3 out of 5 stars 3 out of 5 stars 3 out of 5 stars 3 out of 5 stars 3 out of 5 stars,5
11,,Ja'Marr Chase (CIN)     ,WR3,10,3 out of 5 stars 3 out of 5 stars 3 out of 5 stars 3 out of 5 stars 3 out of 5 stars,-1
12,,Alvin Kamara (NO)     ,RB9,14,3 out of 5 stars 3 out of 5 stars 3 out of 5 stars 3 out of 5 stars 3 out of 5 stars,1
13,,Mark Andrews (BAL)      ,TE1,10,2 out of 5 stars 2 out of 5 stars 2 out of 5 stars 2 out of 5 stars 2 out of 5 stars,12
14,,Saquon Barkley (NYG)     ,RB10,9,3 out of 5 stars 3 out of 5 stars 3 out of 5 stars 3 out of 5 stars 3 out of 5 stars,2
15,,D'Andre Swift (DET)     ,RB11,6,4 out of 5 stars 4 out of 5 stars 4 out of 5 stars 4 out of 5 stars 4 out of 5 stars,-4
16,,Travis Kelce (KC)    ,TE2,8,3 out of 5 stars 3 out of 5 stars 3 out of 5 stars 3 out of 5 stars 3 out of 5 stars,1
17,,Stefon Diggs (BUF)    ,WR4,7,4 out of 5 stars 4 out of 5 stars 4 out of 5 stars 4 out of 5 stars 4 out of 5 stars,-3
18,,Davante Adams (LV)      ,WR5,6,2 out of 5 stars 2 out of 5 stars 2 out of 5 stars 2 out of 5 stars 2 out of 5 stars,-6
19,,Deebo Samuel (SF)      ,WR6,9,3 out of 5 stars 3 out of 5 stars 3 out of 5 stars 3 out of 5 stars 3 out of 5 stars,3
20,,Javonte Williams (DEN)     ,RB12,9,3 out of 5 stars 3 out of 5 stars 3 out of 5 stars 3 out of 5 stars 3 out of 5 stars,-1
21,,CeeDee Lamb (DAL)     ,WR7,9,3 out of 5 stars 3 out of 5 stars 3 out of 5 stars 3 out of 5 stars 3 out of 5 stars,0
22,,Aaron Jones (GB)      ,RB13,14,3 out of 5 stars 3 out of 5 stars 3 out of 5 stars 3 out of 5 stars 3 out of 5 stars,-2
23,,Leonard Fournette (TB)      ,RB14,11,2 out of 5 stars 2 out of 5 stars 2 out of 5 stars 2 out of 5 stars 2 out of 5 stars,1
24,,Mike Evans (TB)     ,WR8,11,4 out of 5 stars 4 out of 5 stars 4 out of 5 stars 4 out of 5 stars 4 out of 5 stars,2
25,,Tyreek Hill (MIA)     ,WR9,11,2 out of 5 stars 2 out of 5 stars 2 out of 5 stars 2 out of 5 stars 2 out of 5 stars,-2
26,,James Conner (ARI)     ,RB15,13,2 out of 5 stars 2 out of 5 stars 2 out of 5 stars 2 out of 5 stars 2 out of 5 stars,1
27,,AJ Brown (PHI)      ,WR10,7,4 out of 5 stars 4 out of 5 stars 4 out of 5 stars 4 out of 5 stars 4 out of 5 stars,3
28,,Kyle Pitts (ATL)      ,TE3,14,2 out of 5 stars 2 out of 5 stars 2 out of 5 stars 2 out of 5 stars 2 out of 5 stars,3
29,,Tee Higgins (CIN)      ,WR11,10,3 out of 5 stars 3 out of 5 stars 3 out of 5 stars 3 out of 5 stars 3 out of 5 stars,6
30,,Ezekiel Elliott (DAL)      ,RB16,9,4 out of 5 stars 4 out of 5 stars 4 out of 5 stars 4 out of 5 stars 4 out of 5 stars,-2
31,,Michael Pittman  (IND)     ,WR12,14,4 out of 5 stars 4 out of 5 stars 4 out of 5 stars 4 out of 5 stars 4 out of 5 stars,3
32,,Josh Allen (BUF)    ,QB1,7,3 out of 5 stars 3 out of 5 stars 3 out of 5 stars 3 out of 5 stars 3 out of 5 stars,-14
33,,DJ Moore (CAR)      ,WR13,13,3 out of 5 stars 3 out of 5 stars 3 out of 5 stars 3 out of 5 stars 3 out of 5 stars,7
34,,Courtland Sutton (DEN)      ,WR14,9,4 out of 5 stars 4 out of 5 stars 4 out of 5 stars 4 out of 5 stars 4 out of 5 stars,9
35,,Mike Williams (LAC)      ,WR15,8,3 out of 5 stars 3 out of 5 stars 3 out of 5 stars 3 out of 5 stars 3 out of 5 stars,9
36,,Keenan Allen (LAC)    ,WR16,8,3 out of 5 stars 3 out of 5 stars 3 out of 5 stars 3 out of 5 stars 3 out of 5 stars,-4
37,,Terry McLaurin (WAS)     ,WR17,14,4 out of 5 stars 4 out of 5 stars 4 out of 5 stars 4 out of 5 stars 4 out of 5 stars,8
38,,Breece Hall (NYJ)    ,RB17,10,4 out of 5 stars 4 out of 5 stars 4 out of 5 stars 4 out of 5 stars 4 out of 5 stars,3
39,,Travis Etienne  (JAC)      ,RB18,11,3 out of 5 stars 3 out of 5 stars 3 out of 5 stars 3 out of 5 stars 3 out of 5 stars,-3
40,,David Montgomery (CHI)      ,RB19,14,5 out of 5 stars 5 out of 5 stars 5 out of 5 stars 5 out of 5 stars 5 out of 5 stars,-3
41,,Justin Herbert (LAC)      ,QB2,8,3 out of 5 stars 3 out of 5 stars 3 out of 5 stars 3 out of 5 stars 3 out of 5 stars,-8
42,,Cam Akers (LAR)      ,RB20,7,2 out of 5 stars 2 out of 5 stars 2 out of 5 stars 2 out of 5 stars 2 out of 5 stars,-4
43,,Elijah Mitchell (SF)      ,RB21,9,2 out of 5 stars 2 out of 5 stars 2 out of 5 stars 2 out of 5 stars 2 out of 5 stars,4
44,,DK Metcalf (SEA)      ,WR18,11,4 out of 5 stars 4 out of 5 stars 4 out of 5 stars 4 out of 5 stars 4 out of 5 stars,9
45,,Jaylen Waddle (MIA)     ,WR19,11,2 out of 5 stars 2 out of 5 stars 2 out of 5 stars 2 out of 5 stars 2 out of 5 stars,7
46,,Gabriel Davis (BUF)      ,WR20,7,4 out of 5 stars 4 out of 5 stars 4 out of 5 stars 4 out of 5 stars 4 out of 5 stars,17
47,,George Kittle (SF)    ,TE4,9,4 out of 5 stars 4 out of 5 stars 4 out of 5 stars 4 out of 5 stars 4 out of 5 stars,-8
48,,Diontae Johnson (PIT)      ,WR21,9,4 out of 5 stars 4 out of 5 stars 4 out of 5 stars 4 out of 5 stars 4 out of 5 stars,1
49,,Brandin Cooks (HOU)      ,WR22,6,3 out of 5 stars 3 out of 5 stars 3 out of 5 stars 3 out of 5 stars 3 out of 5 stars,12
50,,AJ Dillon (GB)      ,RB22,14,3 out of 5 stars 3 out of 5 stars 3 out of 5 stars 3 out of 5 stars 3 out of 5 stars,0
51,,Patrick Mahomes II (KC)     ,QB3,8,2 out of 5 stars 2 out of 5 stars 2 out of 5 stars 2 out of 5 stars 2 out of 5 stars,-22
52,,Allen Robinson II (LAR)     ,WR23,7,2 out of 5 stars 2 out of 5 stars 2 out of 5 stars 2 out of 5 stars 2 out of 5 stars,6
53,,Darren Waller (LV)    ,TE5,6,2 out of 5 stars 2 out of 5 stars 2 out of 5 stars 2 out of 5 stars 2 out of 5 stars,-7
54,,Lamar Jackson (BAL)    ,QB4,10,2 out of 5 stars 2 out of 5 stars 2 out of 5 stars 2 out of 5 stars 2 out of 5 stars,-12
55,,J.K. Dobbins (BAL)      ,RB23,10,4 out of 5 stars 4 out of 5 stars 4 out of 5 stars 4 out of 5 stars 4 out of 5 stars,-4
56,,Marquise Brown (ARI)      ,WR24,13,2 out of 5 stars 2 out of 5 stars 2 out of 5 stars 2 out of 5 stars 2 out of 5 stars,6
57,,Josh Jacobs (LV)      ,RB24,6,2 out of 5 stars 2 out of 5 stars 2 out of 5 stars 2 out of 5 stars 2 out of 5 stars,-9
58,,Jerry Jeudy (DEN)      ,WR25,9,4 out of 5 stars 4 out of 5 stars 4 out of 5 stars 4 out of 5 stars 4 out of 5 stars,11
59,,Darnell Mooney (CHI)     ,WR26,14,3 out of 5 stars 3 out of 5 stars 3 out of 5 stars 3 out of 5 stars 3 out of 5 stars,8
60,,Kyler Murray (ARI)    ,QB5,13,2 out of 5 stars 2 out of 5 stars 2 out of 5 stars 2 out of 5 stars 2 out of 5 stars,-5
61,,Dalton Schultz (DAL)      ,TE6,9,3 out of 5 stars 3 out of 5 stars 3 out of 5 stars 3 out of 5 stars 3 out of 5 stars,-1
62,,Jalen Hurts (PHI)      ,QB6,7,4 out of 5 stars 4 out of 5 stars 4 out of 5 stars 4 out of 5 stars 4 out of 5 stars,-6
63,,Rashod Bateman (BAL)      ,WR27,10,3 out of 5 stars 3 out of 5 stars 3 out of 5 stars 3 out of 5 stars 3 out of 5 stars,19
64,,Damien Harris (NE)      ,RB25,10,4 out of 5 stars 4 out of 5 stars 4 out of 5 stars 4 out of 5 stars 4 out of 5 stars,20
65,,Chris Godwin (TB)      ,WR28,11,4 out of 5 stars 4 out of 5 stars 4 out of 5 stars 4 out of 5 stars 4 out of 5 stars,-1
66,,Antonio Gibson (WAS)      ,RB26,14,4 out of 5 stars 4 out of 5 stars 4 out of 5 stars 4 out of 5 stars 4 out of 5 stars,-9
67,,Elijah Moore (NYJ)     ,WR29,10,1 out of 5 stars 1 out of 5 stars 1 out of 5 stars 1 out of 5 stars 1 out of 5 stars,23
68,,Amari Cooper (CLE)      ,WR30,9,4 out of 5 stars 4 out of 5 stars 4 out of 5 stars 4 out of 5 stars 4 out of 5 stars,5
69,,Michael Thomas (NO)     ,WR31,14,4 out of 5 stars 4 out of 5 stars 4 out of 5 stars 4 out of 5 stars 4 out of 5 stars,-3
70,,Amon-Ra St. Brown (DET)     ,WR32,6,3 out of 5 stars 3 out of 5 stars 3 out of 5 stars 3 out of 5 stars 3 out of 5 stars,-11
71,,JuJu Smith-Schuster (KC)     ,WR33,8,2 out of 5 stars 2 out of 5 stars 2 out of 5 stars 2 out of 5 stars 2 out of 5 stars,1
72,,Dameon Pierce (HOU)      ,RB27,6,3 out of 5 stars 3 out of 5 stars 3 out of 5 stars 3 out of 5 stars 3 out of 5 stars,-4
73,,Dallas Goedert (PHI)    ,TE7,7,2 out of 5 stars 2 out of 5 stars 2 out of 5 stars 2 out of 5 stars 2 out of 5 stars,7
74,,Rashaad Penny (SEA)     ,RB28,11,2 out of 5 stars 2 out of 5 stars 2 out of 5 stars 2 out of 5 stars 2 out of 5 stars,4
75,,Joe Burrow (CIN)      ,QB7,10,2 out of 5 stars 2 out of 5 stars 2 out of 5 stars 2 out of 5 stars 2 out of 5 stars,-21
76,,Adam Thielen (MIN)      ,WR34,7,2 out of 5 stars 2 out of 5 stars 2 out of 5 stars 2 out of 5 stars 2 out of 5 stars,-6
77,,Brandon Aiyuk (SF)      ,WR35,9,3 out of 5 stars 3 out of 5 stars 3 out of 5 stars 3 out of 5 stars 3 out of 5 stars,20
78,,Clyde Edwards-Helaire (KC)     ,RB29,8,3 out of 5 stars 3 out of 5 stars 3 out of 5 stars 3 out of 5 stars 3 out of 5 stars,-13
79,,Chase Edmonds (MIA)      ,RB30,11,4 out of 5 stars 4 out of 5 stars 4 out of 5 stars 4 out of 5 stars 4 out of 5 stars,-4
80,,DeVonta Smith (PHI)    ,WR36,7,4 out of 5 stars 4 out of 5 stars 4 out of 5 stars 4 out of 5 stars 4 out of 5 stars,12
81,,T.J. Hockenson (DET)    ,TE8,6,4 out of 5 stars 4 out of 5 stars 4 out of 5 stars 4 out of 5 stars 4 out of 5 stars,-10
82,,Miles Sanders (PHI)     ,RB31,7,3 out of 5 stars 3 out of 5 stars 3 out of 5 stars 3 out of 5 stars 3 out of 5 stars,-1
83,,Allen Lazard (GB)     ,WR37,14,3 out of 5 stars 3 out of 5 stars 3 out of 5 stars 3 out of 5 stars 3 out of 5 stars,8
84,,Tom Brady (TB)    ,QB8,11,3 out of 5 stars 3 out of 5 stars 3 out of 5 stars 3 out of 5 stars 3 out of 5 stars,-10
85,,Rhamondre Stevenson (NE)      ,RB32,10,4 out of 5 stars 4 out of 5 stars 4 out of 5 stars 4 out of 5 stars 4 out of 5 stars,2
86,,Russell Wilson (DEN)    ,QB9,9,4 out of 5 stars 4 out of 5 stars 4 out of 5 stars 4 out of 5 stars 4 out of 5 stars,-10
87,,Drake London (ATL)      ,WR38,14,4 out of 5 stars 4 out of 5 stars 4 out of 5 stars 4 out of 5 stars 4 out of 5 stars,7
88,,Tyler Lockett (SEA)      ,WR39,11,4 out of 5 stars 4 out of 5 stars 4 out of 5 stars 4 out of 5 stars 4 out of 5 stars,20
89,,Devin Singletary (BUF)      ,RB33,7,4 out of 5 stars 4 out of 5 stars 4 out of 5 stars 4 out of 5 stars 4 out of 5 stars,-10
90,,Dawson Knox (BUF)      ,TE9,7,3 out of 5 stars 3 out of 5 stars 3 out of 5 stars 3 out of 5 stars 3 out of 5 stars,6
91,,Kareem Hunt (CLE)     ,RB34,9,3 out of 5 stars 3 out of 5 stars 3 out of 5 stars 3 out of 5 stars 3 out of 5 stars,-6
92,,Tony Pollard (DAL)     ,RB35,9,4 out of 5 stars 4 out of 5 stars 4 out of 5 stars 4 out of 5 stars 4 out of 5 stars,-15
93,,Dak Prescott (DAL)    ,QB10,9,3 out of 5 stars 3 out of 5 stars 3 out of 5 stars 3 out of 5 stars 3 out of 5 stars,-7
94,,Christian Kirk (JAC)     ,WR40,11,4 out of 5 stars 4 out of 5 stars 4 out of 5 stars 4 out of 5 stars 4 out of 5 stars,7
95,,Hunter Renfrow (LV)      ,WR41,6,2 out of 5 stars 2 out of 5 stars 2 out of 5 stars 2 out of 5 stars 2 out of 5 stars,0
96,,Trey Lance (SF)      ,QB11,9,3 out of 5 stars 3 out of 5 stars 3 out of 5 stars 3 out of 5 stars 3 out of 5 stars,8
97,,DeAndre Hopkins (ARI)      ,WR42,13,2 out of 5 stars 2 out of 5 stars 2 out of 5 stars 2 out of 5 stars 2 out of 5 stars,-9
98,,Cordarrelle Patterson (ATL)      ,RB36,14,1 out of 5 stars 1 out of 5 stars 1 out of 5 stars 1 out of 5 stars 1 out of 5 stars,-15
99,,Zach Ertz (ARI)    ,TE10,13,3 out of 5 stars 3 out of 5 stars 3 out of 5 stars 3 out of 5 stars 3 out of 5 stars,-1
100,,Melvin Gordon III (DEN)    ,RB37,9,3 out of 5 stars 3 out of 5 stars 3 out of 5 stars 3 out of 5 stars 3 out of 5 stars,0
101,,Robert Woods (TEN)    ,WR43,6,3 out of 5 stars 3 out of 5 stars 3 out of 5 stars 3 out of 5 stars 3 out of 5 stars,2
102,,Matthew Stafford (LAR)     ,QB12,7,3 out of 5 stars 3 out of 5 stars 3 out of 5 stars 3 out of 5 stars 3 out of 5 stars,-3
103,,Aaron Rodgers (GB)      ,QB13,14,2 out of 5 stars 2 out of 5 stars 2 out of 5 stars 2 out of 5 stars 2 out of 5 stars,-14
104,,Kadarius Toney (NYG)      ,WR44,9,4 out of 5 stars 4 out of 5 stars 4 out of 5 stars 4 out of 5 stars 4 out of 5 stars,14
105,,Chris Olave (NO)      ,WR45,14,4 out of 5 stars 4 out of 5 stars 4 out of 5 stars 4 out of 5 stars 4 out of 5 stars,0
106,,Kenneth Walker III (SEA)     ,RB38,11,2 out of 5 stars 2 out of 5 stars 2 out of 5 stars 2 out of 5 stars 2 out of 5 stars,-13
107,,Kirk Cousins (MIN)     ,QB14,7,3 out of 5 stars 3 out of 5 stars 3 out of 5 stars 3 out of 5 stars 3 out of 5 stars,6
108,,Derek Carr (LV)      ,QB15,6,2 out of 5 stars 2 out of 5 stars 2 out of 5 stars 2 out of 5 stars 2 out of 5 stars,-2
109,,Treylon Burks (TEN)     ,WR46,6,3 out of 5 stars 3 out of 5 stars 3 out of 5 stars 3 out of 5 stars 3 out of 5 stars,-2
110,,Chase Claypool (PIT)      ,WR47,9,4 out of 5 stars 4 out of 5 stars 4 out of 5 stars 4 out of 5 stars 4 out of 5 stars,6
111,,Cole Kmet (CHI)      ,TE11,14,5 out of 5 stars 5 out of 5 stars 5 out of 5 stars 5 out of 5 stars 5 out of 5 stars,4
112,,Michael Carter (NYJ)    ,RB39,10,4 out of 5 stars 4 out of 5 stars 4 out of 5 stars 4 out of 5 stars 4 out of 5 stars,0
113,,Darrell Henderson  (LAR)    ,RB40,7,2 out of 5 stars 2 out of 5 stars 2 out of 5 stars 2 out of 5 stars 2 out of 5 stars,1
114,,Pat Freiermuth (PIT)    ,TE12,9,4 out of 5 stars 4 out of 5 stars 4 out of 5 stars 4 out of 5 stars 4 out of 5 stars,-4
115,,James Cook (BUF)    ,RB41,7,4 out of 5 stars 4 out of 5 stars 4 out of 5 stars 4 out of 5 stars 4 out of 5 stars,-13
116,,Hunter Henry (NE)      ,TE13,10,4 out of 5 stars 4 out of 5 stars 4 out of 5 stars 4 out of 5 stars 4 out of 5 stars,12
117,,Tua Tagovailoa (MIA)     ,QB16,11,2 out of 5 stars 2 out of 5 stars 2 out of 5 stars 2 out of 5 stars 2 out of 5 stars,10
118,,Justin Fields (CHI)      ,QB17,14,4 out of 5 stars 4 out of 5 stars 4 out of 5 stars 4 out of 5 stars 4 out of 5 stars,18
119,,James Robinson (JAC)     ,RB42,11,3 out of 5 stars 3 out of 5 stars 3 out of 5 stars 3 out of 5 stars 3 out of 5 stars,-10
120,,Garrett Wilson (NYJ)      ,WR48,10,1 out of 5 stars 1 out of 5 stars 1 out of 5 stars 1 out of 5 stars 1 out of 5 stars,5
121,,Marquez Valdes-Scantling (KC)    ,WR49,8,2 out of 5 stars 2 out of 5 stars 2 out of 5 stars 2 out of 5 stars 2 out of 5 stars,17
122,,Skyy Moore (KC)      ,WR50,8,2 out of 5 stars 2 out of 5 stars 2 out of 5 stars 2 out of 5 stars 2 out of 5 stars,-3
123,,Trevor Lawrence (JAC)    ,QB18,11,5 out of 5 stars 5 out of 5 stars 5 out of 5 stars 5 out of 5 stars 5 out of 5 stars,21
124,,Tyler Boyd (CIN)      ,WR51,10,3 out of 5 stars 3 out of 5 stars 3 out of 5 stars 3 out of 5 stars 3 out of 5 stars,9
125,,Alexander Mattison (MIN)    ,RB43,7,4 out of 5 stars 4 out of 5 stars 4 out of 5 stars 4 out of 5 stars 4 out of 5 stars,-8
126,,Irv Smith  (MIN)     ,TE14,7,3 out of 5 stars 3 out of 5 stars 3 out of 5 stars 3 out of 5 stars 3 out of 5 stars,23
127,,Kenneth Gainwell (PHI)     ,RB44,7,3 out of 5 stars 3 out of 5 stars 3 out of 5 stars 3 out of 5 stars 3 out of 5 stars,-3
128,,Albert Okwuegbunam (DEN)      ,TE15,9,3 out of 5 stars 3 out of 5 stars 3 out of 5 stars 3 out of 5 stars 3 out of 5 stars,29
129,,Nyheim Hines (IND)     ,RB45,14,3 out of 5 stars 3 out of 5 stars 3 out of 5 stars 3 out of 5 stars 3 out of 5 stars,-7
130,,Russell Gage (TB)      ,WR52,11,4 out of 5 stars 4 out of 5 stars 4 out of 5 stars 4 out of 5 stars 4 out of 5 stars,26
131,,Raheem Mostert (MIA)    ,RB46,11,4 out of 5 stars 4 out of 5 stars 4 out of 5 stars 4 out of 5 stars 4 out of 5 stars,4
132,,David Njoku (CLE)      ,TE16,9,4 out of 5 stars 4 out of 5 stars 4 out of 5 stars 4 out of 5 stars 4 out of 5 stars,21
133,,Michael Gallup (DAL)    ,WR53,9,3 out of 5 stars 3 out of 5 stars 3 out of 5 stars 3 out of 5 stars 3 out of 5 stars,-10
134,,Mike Gesicki (MIA)      ,TE17,11,3 out of 5 stars 3 out of 5 stars 3 out of 5 stars 3 out of 5 stars 3 out of 5 stars,-4
135,,Khalil Herbert (CHI)      ,RB47,14,5 out of 5 stars 5 out of 5 stars 5 out of 5 stars 5 out of 5 stars 5 out of 5 stars,4
136,,Jamaal Williams (DET)     ,RB48,6,4 out of 5 stars 4 out of 5 stars 4 out of 5 stars 4 out of 5 stars 4 out of 5 stars,7
137,,George Pickens (PIT)      ,WR54,9,4 out of 5 stars 4 out of 5 stars 4 out of 5 stars 4 out of 5 stars 4 out of 5 stars,-26
138,,Jameis Winston (NO)    ,QB19,14,3 out of 5 stars 3 out of 5 stars 3 out of 5 stars 3 out of 5 stars 3 out of 5 stars,8
139,,Jakobi Meyers (NE)     ,WR55,10,4 out of 5 stars 4 out of 5 stars 4 out of 5 stars 4 out of 5 stars 4 out of 5 stars,26
140,,DJ Chark  (DET)    ,WR56,6,3 out of 5 stars 3 out of 5 stars 3 out of 5 stars 3 out of 5 stars 3 out of 5 stars,7
141,,DeVante Parker (NE)     ,WR57,10,4 out of 5 stars 4 out of 5 stars 4 out of 5 stars 4 out of 5 stars 4 out of 5 stars,21
142,,Matt Ryan (IND)    ,QB20,14,3 out of 5 stars 3 out of 5 stars 3 out of 5 stars 3 out of 5 stars 3 out of 5 stars,19
143,,Tyler Allgeier (ATL)    ,RB49,14,1 out of 5 stars 1 out of 5 stars 1 out of 5 stars 1 out of 5 stars 1 out of 5 stars,-11
144,,Robert Tonyan (GB)    ,TE18,14,1 out of 5 stars 1 out of 5 stars 1 out of 5 stars 1 out of 5 stars 1 out of 5 stars,20
145,,Gerald Everett (LAC)    ,TE19,8,4 out of 5 stars 4 out of 5 stars 4 out of 5 stars 4 out of 5 stars 4 out of 5 stars,41
146,,Tyler Higbee (LAR)    ,TE20,7,3 out of 5 stars 3 out of 5 stars 3 out of 5 stars 3 out of 5 stars 3 out of 5 stars,31
147,,Julio Jones (TB)      ,WR58,11,4 out of 5 stars 4 out of 5 stars 4 out of 5 stars 4 out of 5 stars 4 out of 5 stars,-18
148,,Noah Fant (SEA)    ,TE21,11,2 out of 5 stars 2 out of 5 stars 2 out of 5 stars 2 out of 5 stars 2 out of 5 stars,22
149,,Jarvis Landry (NO)    ,WR59,14,4 out of 5 stars 4 out of 5 stars 4 out of 5 stars 4 out of 5 stars 4 out of 5 stars,-8
150,,Rachaad White (TB)      ,RB50,11,2 out of 5 stars 2 out of 5 stars 2 out of 5 stars 2 out of 5 stars 2 out of 5 stars,-19
151,,Ryan Tannehill (TEN)      ,QB21,6,4 out of 5 stars 4 out of 5 stars 4 out of 5 stars 4 out of 5 stars 4 out of 5 stars,32
152,,Rondale Moore (ARI)      ,WR60,13,2 out of 5 stars 2 out of 5 stars 2 out of 5 stars 2 out of 5 stars 2 out of 5 stars,14
153,,J.D. McKissic (WAS)    ,RB51,14,4 out of 5 stars 4 out of 5 stars 4 out of 5 stars 4 out of 5 stars 4 out of 5 stars,1
154,,Buffalo Bills (BUF)    ,DST1,7,4 out of 5 stars 4 out of 5 stars 4 out of 5 stars 4 out of 5 stars 4 out of 5 stars,-33
155,,Kenny Golladay (NYG)    ,WR61,9,4 out of 5 stars 4 out of 5 stars 4 out of 5 stars 4 out of 5 stars 4 out of 5 stars,21
156,,Jahan Dotson (WAS)      ,WR62,14,4 out of 5 stars 4 out of 5 stars 4 out of 5 stars 4 out of 5 stars 4 out of 5 stars,-4
157,,Tampa Bay Buccaneers (TB)    ,DST2,11,4 out of 5 stars 4 out of 5 stars 4 out of 5 stars 4 out of 5 stars 4 out of 5 stars,-31
158,,Evan Engram (JAC)    ,TE22,11,4 out of 5 stars 4 out of 5 stars 4 out of 5 stars 4 out of 5 stars 4 out of 5 stars,53
159,,Nico Collins (HOU)     ,WR63,6,3 out of 5 stars 3 out of 5 stars 3 out of 5 stars 3 out of 5 stars 3 out of 5 stars,23
160,,Daniel Jones (NYG)      ,QB22,9,5 out of 5 stars 5 out of 5 stars 5 out of 5 stars 5 out of 5 stars 5 out of 5 stars,29
161,,Mac Jones (NE)    ,QB23,10,4 out of 5 stars 4 out of 5 stars 4 out of 5 stars 4 out of 5 stars 4 out of 5 stars,8
162,,Zamir White (LV)    ,RB52,6,2 out of 5 stars 2 out of 5 stars 2 out of 5 stars 2 out of 5 stars 2 out of 5 stars,-2
163,,Austin Hooper (TEN)    ,TE23,6,5 out of 5 stars 5 out of 5 stars 5 out of 5 stars 5 out of 5 stars 5 out of 5 stars,59
164,,San Francisco 49ers (SF)    ,DST3,9,4 out of 5 stars 4 out of 5 stars 4 out of 5 stars 4 out of 5 stars 4 out of 5 stars,-24
165,,Isaiah Spiller (LAC)    ,RB53,8,2 out of 5 stars 2 out of 5 stars 2 out of 5 stars 2 out of 5 stars 2 out of 5 stars,-15
166,,Carson Wentz (WAS)    ,QB24,14,4 out of 5 stars 4 out of 5 stars 4 out of 5 stars 4 out of 5 stars 4 out of 5 stars,50
167,,Corey Davis (NYJ)    ,WR64,10,1 out of 5 stars 1 out of 5 stars 1 out of 5 stars 1 out of 5 stars 1 out of 5 stars,87
168,,Mark Ingram II (NO)    ,RB54,14,3 out of 5 stars 3 out of 5 stars 3 out of 5 stars 3 out of 5 stars 3 out of 5 stars,0
169,,Jared Goff (DET)    ,QB25,6,3 out of 5 stars 3 out of 5 stars 3 out of 5 stars 3 out of 5 stars 3 out of 5 stars,27
170,,Indianapolis Colts (IND)    ,DST4,14,3 out of 5 stars 3 out of 5 stars 3 out of 5 stars 3 out of 5 stars 3 out of 5 stars,-25
171,,Joshua Palmer (LAC)    ,WR65,8,3 out of 5 stars 3 out of 5 stars 3 out of 5 stars 3 out of 5 stars 3 out of 5 stars,4
172,,Logan Thomas (WAS)    ,TE24,14,4 out of 5 stars 4 out of 5 stars 4 out of 5 stars 4 out of 5 stars 4 out of 5 stars,72
173,,Justin Tucker (BAL)    ,K1,10,3 out of 5 stars 3 out of 5 stars 3 out of 5 stars 3 out of 5 stars 3 out of 5 stars,-53
174,,Mecole Hardman (KC)    ,WR66,8,2 out of 5 stars 2 out of 5 stars 2 out of 5 stars 2 out of 5 stars 2 out of 5 stars,-2
175,,K.J. Osborn (MIN)    ,WR67,7,2 out of 5 stars 2 out of 5 stars 2 out of 5 stars 2 out of 5 stars 2 out of 5 stars,32
176,,D'Onta Foreman (CAR)    ,RB55,13,3 out of 5 stars 3 out of 5 stars 3 out of 5 stars 3 out of 5 stars 3 out of 5 stars,3
177,,Robbie Anderson (CAR)    ,WR68,13,3 out of 5 stars 3 out of 5 stars 3 out of 5 stars 3 out of 5 stars 3 out of 5 stars,54
178,,New Orleans Saints (NO)    ,DST5,14,3 out of 5 stars 3 out of 5 stars 3 out of 5 stars 3 out of 5 stars 3 out of 5 stars,-15
179,,Hayden Hurst (CIN)      ,TE25,10,2 out of 5 stars 2 out of 5 stars 2 out of 5 stars 2 out of 5 stars 2 out of 5 stars,31
180,,Gus Edwards (BAL)    ,RB56,10,4 out of 5 stars 4 out of 5 stars 4 out of 5 stars 4 out of 5 stars 4 out of 5 stars,63
181,,Van Jefferson (LAR)    ,WR69,7,2 out of 5 stars 2 out of 5 stars 2 out of 5 stars 2 out of 5 stars 2 out of 5 stars,84
182,,Denver Broncos (DEN)    ,DST6,9,3 out of 5 stars 3 out of 5 stars 3 out of 5 stars 3 out of 5 stars 3 out of 5 stars,-2
183,,Los Angeles Rams (LAR)    ,DST7,7,3 out of 5 stars 3 out of 5 stars 3 out of 5 stars 3 out of 5 stars 3 out of 5 stars,-25
184,,Baker Mayfield (CAR)    ,QB26,13,3 out of 5 stars 3 out of 5 stars 3 out of 5 stars 3 out of 5 stars 3 out of 5 stars,-10
185,,Zach Wilson (NYJ)    ,QB27,10,1 out of 5 stars 1 out of 5 stars 1 out of 5 stars 1 out of 5 stars 1 out of 5 stars,19
186,,Brian Robinson  (WAS)      ,RB57,14,4 out of 5 stars 4 out of 5 stars 4 out of 5 stars 4 out of 5 stars 4 out of 5 stars,-52
187,,New England Patriots (NE)    ,DST8,10,3 out of 5 stars 3 out of 5 stars 3 out of 5 stars 3 out of 5 stars 3 out of 5 stars,8
188,,Jameson Williams (DET)      ,WR70,6,3 out of 5 stars 3 out of 5 stars 3 out of 5 stars 3 out of 5 stars 3 out of 5 stars,2
189,,Jalen Tolbert (DAL)      ,WR71,9,3 out of 5 stars 3 out of 5 stars 3 out of 5 stars 3 out of 5 stars 3 out of 5 stars,9
190,,Christian Watson (GB)     ,WR72,14,3 out of 5 stars 3 out of 5 stars 3 out of 5 stars 3 out of 5 stars 3 out of 5 stars,10
191,,Tyler Bass (BUF)    ,K2,7,4 out of 5 stars 4 out of 5 stars 4 out of 5 stars 4 out of 5 stars 4 out of 5 stars,-43
192,,Boston Scott (PHI)    ,RB58,7,3 out of 5 stars 3 out of 5 stars 3 out of 5 stars 3 out of 5 stars 3 out of 5 stars,72
193,,Marvin Jones  (JAC)    ,WR73,11,4 out of 5 stars 4 out of 5 stars 4 out of 5 stars 4 out of 5 stars 4 out of 5 stars,41
194,,Darrel Williams (ARI)      ,RB59,13,2 out of 5 stars 2 out of 5 stars 2 out of 5 stars 2 out of 5 stars 2 out of 5 stars,-2
195,,Davis Mills (HOU)    ,QB28,6,4 out of 5 stars 4 out of 5 stars 4 out of 5 stars 4 out of 5 stars 4 out of 5 stars,20
196,,Isiah Pacheco (KC)     ,RB60,8,3 out of 5 stars 3 out of 5 stars 3 out of 5 stars 3 out of 5 stars 3 out of 5 stars,21
197,,Dallas Cowboys (DAL)    ,DST9,9,2 out of 5 stars 2 out of 5 stars 2 out of 5 stars 2 out of 5 stars 2 out of 5 stars,-24
198,,Matt Gay (LAR)    ,K3,7,2 out of 5 stars 2 out of 5 stars 2 out of 5 stars 2 out of 5 stars 2 out of 5 stars,-43
199,,Wan'Dale Robinson (NYG)     ,WR74,9,4 out of 5 stars 4 out of 5 stars 4 out of 5 stars 4 out of 5 stars 4 out of 5 stars,-6
200,,KJ Hamler (DEN)    ,WR75,9,4 out of 5 stars 4 out of 5 stars 4 out of 5 stars 4 out of 5 stars 4 out of 5 stars,21
201,,Evan McPherson (CIN)    ,K4,10,0 out of 5 stars 0 out of 5 stars 0 out of 5 stars 0 out of 5 stars 0 out of 5 stars,-64
202,,Ronald Jones II (KC)    ,RB61,8,3 out of 5 stars 3 out of 5 stars 3 out of 5 stars 3 out of 5 stars 3 out of 5 stars,27
203,,Los Angeles Chargers (LAC)    ,DST10,8,4 out of 5 stars 4 out of 5 stars 4 out of 5 stars 4 out of 5 stars 4 out of 5 stars,-19
204,,Alec Pierce (IND)    ,WR76,14,4 out of 5 stars 4 out of 5 stars 4 out of 5 stars 4 out of 5 stars 4 out of 5 stars,-13
205,,Daniel Carlson (LV)    ,K5,6,2 out of 5 stars 2 out of 5 stars 2 out of 5 stars 2 out of 5 stars 2 out of 5 stars,-63
206,,Sony Michel (LAC)      ,RB62,8,2 out of 5 stars 2 out of 5 stars 2 out of 5 stars 2 out of 5 stars 2 out of 5 stars,32
207,,Romeo Doubs (GB)     ,WR77,14,3 out of 5 stars 3 out of 5 stars 3 out of 5 stars 3 out of 5 stars 3 out of 5 stars,-56
208,,Isaiah McKenzie (BUF)     ,WR78,7,4 out of 5 stars 4 out of 5 stars 4 out of 5 stars 4 out of 5 stars 4 out of 5 stars,-41
209,,Curtis Samuel (WAS)    ,WR79,14,4 out of 5 stars 4 out of 5 stars 4 out of 5 stars 4 out of 5 stars 4 out of 5 stars,116
210,,Donovan Peoples-Jones (CLE)    ,WR80,9,4 out of 5 stars 4 out of 5 stars 4 out of 5 stars 4 out of 5 stars 4 out of 5 stars,46
211,,Green Bay Packers (GB)    ,DST11,14,3 out of 5 stars 3 out of 5 stars 3 out of 5 stars 3 out of 5 stars 3 out of 5 stars,-14
212,,Parris Campbell (IND)      ,WR81,14,4 out of 5 stars 4 out of 5 stars 4 out of 5 stars 4 out of 5 stars 4 out of 5 stars,6
213,,Miami Dolphins (MIA)    ,DST12,11,3 out of 5 stars 3 out of 5 stars 3 out of 5 stars 3 out of 5 stars 3 out of 5 stars,6
214,,Brevin Jordan (HOU)    ,TE26,6,3 out of 5 stars 3 out of 5 stars 3 out of 5 stars 3 out of 5 stars 3 out of 5 stars,56
215,,Jeff Wilson  (SF)    ,RB63,9,2 out of 5 stars 2 out of 5 stars 2 out of 5 stars 2 out of 5 stars 2 out of 5 stars,-13
216,,Tyrion Davis-Price (SF)    ,RB64,9,2 out of 5 stars 2 out of 5 stars 2 out of 5 stars 2 out of 5 stars 2 out of 5 stars,-22
217,,Mo Alie-Cox (IND)    ,TE27,14,2 out of 5 stars 2 out of 5 stars 2 out of 5 stars 2 out of 5 stars 2 out of 5 stars,52
218,,Harrison Butker (KC)    ,K6,8,5 out of 5 stars 5 out of 5 stars 5 out of 5 stars 5 out of 5 stars 5 out of 5 stars,-59
219,,Kansas City Chiefs (KC)    ,DST13,8,3 out of 5 stars 3 out of 5 stars 3 out of 5 stars 3 out of 5 stars 3 out of 5 stars,8
220,,Marcus Mariota (ATL)    ,QB29,14,3 out of 5 stars 3 out of 5 stars 3 out of 5 stars 3 out of 5 stars 3 out of 5 stars,12
221,,Ryan Succop (TB)    ,K7,11,1 out of 5 stars 1 out of 5 stars 1 out of 5 stars 1 out of 5 stars 1 out of 5 stars,2
222,,Cleveland Browns (CLE)    ,DST14,9,4 out of 5 stars 4 out of 5 stars 4 out of 5 stars 4 out of 5 stars 4 out of 5 stars,3
223,,Baltimore Ravens (BAL)    ,DST15,10,4 out of 5 stars 4 out of 5 stars 4 out of 5 stars 4 out of 5 stars 4 out of 5 stars,-24
224,,Matt Prater (ARI)    ,K8,13,2 out of 5 stars 2 out of 5 stars 2 out of 5 stars 2 out of 5 stars 2 out of 5 stars,-53
225,,D'Ernest Johnson (CLE)    ,RB65,9,3 out of 5 stars 3 out of 5 stars 3 out of 5 stars 3 out of 5 stars 3 out of 5 stars,74
226,,Kendrick Bourne (NE)    ,WR82,10,4 out of 5 stars 4 out of 5 stars 4 out of 5 stars 4 out of 5 stars 4 out of 5 stars,64
227,,Philadelphia Eagles (PHI)    ,DST16,7,2 out of 5 stars 2 out of 5 stars 2 out of 5 stars 2 out of 5 stars 2 out of 5 stars,3
228,,AJ Green (ARI)    ,WR83,13,2 out of 5 stars 2 out of 5 stars 2 out of 5 stars 2 out of 5 stars 2 out of 5 stars,40
229,,Jamison Crowder (BUF)    ,WR84,7,4 out of 5 stars 4 out of 5 stars 4 out of 5 stars 4 out of 5 stars 4 out of 5 stars,98
230,,Pittsburgh Steelers (PIT)    ,DST17,9,5 out of 5 stars 5 out of 5 stars 5 out of 5 stars 5 out of 5 stars 5 out of 5 stars,-42
231,,David Bell (CLE)    ,WR85,9,4 out of 5 stars 4 out of 5 stars 4 out of 5 stars 4 out of 5 stars 4 out of 5 stars,26
232,,Samaje Perine (CIN)    ,RB66,10,3 out of 5 stars 3 out of 5 stars 3 out of 5 stars 3 out of 5 stars 3 out of 5 stars,46
233,,Rex Burkhead (HOU)    ,RB67,6,3 out of 5 stars 3 out of 5 stars 3 out of 5 stars 3 out of 5 stars 3 out of 5 stars,30
234,,Sterling Shepard (NYG)    ,WR86,9,4 out of 5 stars 4 out of 5 stars 4 out of 5 stars 4 out of 5 stars 4 out of 5 stars,58
235,,Rodrigo Blankenship (IND)    ,K9,14,4 out of 5 stars 4 out of 5 stars 4 out of 5 stars 4 out of 5 stars 4 out of 5 stars,-15
236,,Jerick McKinnon (KC)    ,RB68,8,3 out of 5 stars 3 out of 5 stars 3 out of 5 stars 3 out of 5 stars 3 out of 5 stars,14
237,,Chuba Hubbard (CAR)    ,RB69,13,3 out of 5 stars 3 out of 5 stars 3 out of 5 stars 3 out of 5 stars 3 out of 5 stars,-36
238,,Jonnu Smith (NE)    ,TE28,10,4 out of 5 stars 4 out of 5 stars 4 out of 5 stars 4 out of 5 stars 4 out of 5 stars,-
239,,Mike Davis (BAL)    ,RB70,10,4 out of 5 stars 4 out of 5 stars 4 out of 5 stars 4 out of 5 stars 4 out of 5 stars,-61
240,,Jason Sanders (MIA)    ,K10,11,1 out of 5 stars 1 out of 5 stars 1 out of 5 stars 1 out of 5 stars 1 out of 5 stars,86
241,,Damien Williams (ATL)    ,RB71,14,1 out of 5 stars 1 out of 5 stars 1 out of 5 stars 1 out of 5 stars 1 out of 5 stars,82
242,,Zack Moss (BUF)    ,RB72,7,4 out of 5 stars 4 out of 5 stars 4 out of 5 stars 4 out of 5 stars 4 out of 5 stars,72
243,,Kenyan Drake (BAL)      ,RB73,10,4 out of 5 stars 4 out of 5 stars 4 out of 5 stars 4 out of 5 stars 4 out of 5 stars,-31
244,,Brandon McManus (DEN)    ,K11,9,4 out of 5 stars 4 out of 5 stars 4 out of 5 stars 4 out of 5 stars 4 out of 5 stars,-63
245,,Younghoe Koo (ATL)    ,K12,14,1 out of 5 stars 1 out of 5 stars 1 out of 5 stars 1 out of 5 stars 1 out of 5 stars,-42
246,,Zay Jones (JAC)    ,WR87,11,4 out of 5 stars 4 out of 5 stars 4 out of 5 stars 4 out of 5 stars 4 out of 5 stars,69
247,,Arizona Cardinals (ARI)    ,DST18,13,3 out of 5 stars 3 out of 5 stars 3 out of 5 stars 3 out of 5 stars 3 out of 5 stars,60
248,,Nick Folk (NE)    ,K13,10,5 out of 5 stars 5 out of 5 stars 5 out of 5 stars 5 out of 5 stars 5 out of 5 stars,-35
249,,Laviska Shenault  (CAR)    ,WR88,13,3 out of 5 stars 3 out of 5 stars 3 out of 5 stars 3 out of 5 stars 3 out of 5 stars,17
250,,Tennessee Titans (TEN)    ,DST19,6,2 out of 5 stars 2 out of 5 stars 2 out of 5 stars 2 out of 5 stars 2 out of 5 stars,-45
251,,Cincinnati Bengals (CIN)    ,DST20,10,4 out of 5 stars 4 out of 5 stars 4 out of 5 stars 4 out of 5 stars 4 out of 5 stars,44
252,,Robbie Gould (SF)    ,K14,9,3 out of 5 stars 3 out of 5 stars 3 out of 5 stars 3 out of 5 stars 3 out of 5 stars,-11
253,,Adam Trautman (NO)      ,TE29,14,4 out of 5 stars 4 out of 5 stars 4 out of 5 stars 4 out of 5 stars 4 out of 5 stars,-
254,,Mitch Trubisky (PIT)    ,QB30,9,3 out of 5 stars 3 out of 5 stars 3 out of 5 stars 3 out of 5 stars 3 out of 5 stars,-17
255,,Jake Elliott (PHI)    ,K15,7,2 out of 5 stars 2 out of 5 stars 2 out of 5 stars 2 out of 5 stars 2 out of 5 stars,19
256,,Eno Benjamin (ARI)    ,RB74,13,2 out of 5 stars 2 out of 5 stars 2 out of 5 stars 2 out of 5 stars 2 out of 5 stars,-42
257,,Sammy Watkins (GB)    ,WR89,14,3 out of 5 stars 3 out of 5 stars 3 out of 5 stars 3 out of 5 stars 3 out of 5 stars,-48
258,,Byron Pringle (CHI)    ,WR90,14,3 out of 5 stars 3 out of 5 stars 3 out of 5 stars 3 out of 5 stars 3 out of 5 stars,-
259,,Dustin Hopkins (LAC)    ,K16,8,5 out of 5 stars 5 out of 5 stars 5 out of 5 stars 5 out of 5 stars 5 out of 5 stars,-24
260,,Terrace Marshall  (CAR)    ,WR91,13,3 out of 5 stars 3 out of 5 stars 3 out of 5 stars 3 out of 5 stars 3 out of 5 stars,-
261,,Marlon Mack (HOU)    ,RB75,6,3 out of 5 stars 3 out of 5 stars 3 out of 5 stars 3 out of 5 stars 3 out of 5 stars,-28
262,,Cameron Brate (TB)    ,TE30,11,3 out of 5 stars 3 out of 5 stars 3 out of 5 stars 3 out of 5 stars 3 out of 5 stars,-15
263,,Bryan Edwards (ATL)    ,WR92,14,4 out of 5 stars 4 out of 5 stars 4 out of 5 stars 4 out of 5 stars 4 out of 5 stars,-
264,,Randall Cobb (GB)    ,WR93,14,3 out of 5 stars 3 out of 5 stars 3 out of 5 stars 3 out of 5 stars 3 out of 5 stars,-4
265,,Deshaun Watson (CLE)     ,QB31,9,4 out of 5 stars 4 out of 5 stars 4 out of 5 stars 4 out of 5 stars 4 out of 5 stars,-78
266,,Braxton Berrios (NYJ)    ,WR94,10,1 out of 5 stars 1 out of 5 stars 1 out of 5 stars 1 out of 5 stars 1 out of 5 stars,63
267,,Wil Lutz (NO)    ,K17,14,4 out of 5 stars 4 out of 5 stars 4 out of 5 stars 4 out of 5 stars 4 out of 5 stars,-61
268,,Carolina Panthers (CAR)    ,DST21,13,4 out of 5 stars 4 out of 5 stars 4 out of 5 stars 4 out of 5 stars 4 out of 5 stars,18
269,,Minnesota Vikings (MIN)    ,DST22,7,2 out of 5 stars 2 out of 5 stars 2 out of 5 stars 2 out of 5 stars 2 out of 5 stars,-29
270,,Trey Sermon (PHI)    ,RB76,7,3 out of 5 stars 3 out of 5 stars 3 out of 5 stars 3 out of 5 stars 3 out of 5 stars,-3
271,,Matt Breida (NYG)    ,RB77,9,3 out of 5 stars 3 out of 5 stars 3 out of 5 stars 3 out of 5 stars 3 out of 5 stars,35
272,,Chris Boswell (PIT)    ,K18,9,3 out of 5 stars 3 out of 5 stars 3 out of 5 stars 3 out of 5 stars 3 out of 5 stars,9
273,,C.J. Uzomah (NYJ)    ,TE31,10,3 out of 5 stars 3 out of 5 stars 3 out of 5 stars 3 out of 5 stars 3 out of 5 stars,-
274,,Nelson Agholor (NE)    ,WR95,10,4 out of 5 stars 4 out of 5 stars 4 out of 5 stars 4 out of 5 stars 4 out of 5 stars,-
275,,Dan Arnold (JAC)    ,TE32,11,4 out of 5 stars 4 out of 5 stars 4 out of 5 stars 4 out of 5 stars 4 out of 5 stars,-
276,,Cedrick Wilson  (MIA)    ,WR96,11,2 out of 5 stars 2 out of 5 stars 2 out of 5 stars 2 out of 5 stars 2 out of 5 stars,-
277,,Mason Crosby (GB)    ,K19,14,4 out of 5 stars 4 out of 5 stars 4 out of 5 stars 4 out of 5 stars 4 out of 5 stars,-
278,,Greg Zuerlein (NYJ)    ,K20,10,0 out of 5 stars 0 out of 5 stars 0 out of 5 stars 0 out of 5 stars 0 out of 5 stars,-
279,,Hassan Haskins (TEN)    ,RB78,6,4 out of 5 stars 4 out of 5 stars 4 out of 5 stars 4 out of 5 stars 4 out of 5 stars,-30
280,,Myles Gaskin (MIA)    ,RB79,11,4 out of 5 stars 4 out of 5 stars 4 out of 5 stars 4 out of 5 stars 4 out of 5 stars,-27
281,,Greg Joseph (MIN)    ,K21,7,0 out of 5 stars 0 out of 5 stars 0 out of 5 stars 0 out of 5 stars 0 out of 5 stars,-22
282,,Marquez Callaway (NO)    ,WR97,14,4 out of 5 stars 4 out of 5 stars 4 out of 5 stars 4 out of 5 stars 4 out of 5 stars,30
283,,Chicago Bears (CHI)    ,DST23,14,1 out of 5 stars 1 out of 5 stars 1 out of 5 stars 1 out of 5 stars 1 out of 5 stars,17
284,,Washington Commanders (WAS)    ,DST24,14,1 out of 5 stars 1 out of 5 stars 1 out of 5 stars 1 out of 5 stars 1 out of 5 stars,-58
285,,Ke'Shawn Vaughn (TB)    ,RB80,11,2 out of 5 stars 2 out of 5 stars 2 out of 5 stars 2 out of 5 stars 2 out of 5 stars,-23
286,,Graham Gano (NYG)    ,K22,9,1 out of 5 stars 1 out of 5 stars 1 out of 5 stars 1 out of 5 stars 1 out of 5 stars,-
287,,Joshua Kelley (LAC)    ,RB81,8,2 out of 5 stars 2 out of 5 stars 2 out of 5 stars 2 out of 5 stars 2 out of 5 stars,-7
288,,Trey McBride (ARI)    ,TE33,13,3 out of 5 stars 3 out of 5 stars 3 out of 5 stars 3 out of 5 stars 3 out of 5 stars,-
289,,Jason Myers (SEA)    ,K23,11,5 out of 5 stars 5 out of 5 stars 5 out of 5 stars 5 out of 5 stars 5 out of 5 stars,-
290,,New York Giants (NYG)    ,DST25,9,2 out of 5 stars 2 out of 5 stars 2 out of 5 stars 2 out of 5 stars 2 out of 5 stars,-
291,,Kenny Pickett (PIT)    ,QB32,9,3 out of 5 stars 3 out of 5 stars 3 out of 5 stars 3 out of 5 stars 3 out of 5 stars,-106
292,,Chris Evans (CIN)    ,RB82,10,3 out of 5 stars 3 out of 5 stars 3 out of 5 stars 3 out of 5 stars 3 out of 5 stars,-19
293,,Jacoby Brissett (CLE)    ,QB33,9,4 out of 5 stars 4 out of 5 stars 4 out of 5 stars 4 out of 5 stars 4 out of 5 stars,-48
294,,William Fuller V (FA)    ,WR98,-,-,38
295,,Cairo Santos (CHI)    ,K24,14,3 out of 5 stars 3 out of 5 stars 3 out of 5 stars 3 out of 5 stars 3 out of 5 stars,-
296,,Randy Bullock (TEN)    ,K25,6,3 out of 5 stars 3 out of 5 stars 3 out of 5 stars 3 out of 5 stars 3 out of 5 stars,-
297,,Geno Smith (SEA)    ,QB34,11,3 out of 5 stars 3 out of 5 stars 3 out of 5 stars 3 out of 5 stars 3 out of 5 stars,-58
298,,Kyle Rudolph (TB)    ,TE34,11,3 out of 5 stars 3 out of 5 stars 3 out of 5 stars 3 out of 5 stars 3 out of 5 stars,-40
299,,Nick Westbrook-Ikhine (TEN)    ,WR99,6,3 out of 5 stars 3 out of 5 stars 3 out of 5 stars 3 out of 5 stars 3 out of 5 stars,-
300,,Quez Watkins (PHI)    ,WR100,7,4 out of 5 stars 4 out of 5 stars 4 out of 5 stars 4 out of 5 stars 4 out of 5 stars,-54
301,,New York Jets (NYJ)    ,DST26,10,4 out of 5 stars 4 out of 5 stars 4 out of 5 stars 4 out of 5 stars 4 out of 5 stars,-
302,,Kyren Williams (LAR)    ,RB83,7,2 out of 5 stars 2 out of 5 stars 2 out of 5 stars 2 out of 5 stars 2 out of 5 stars,26
303,,Odell Beckham  (FA)    ,WR101,-,-,-95
304,,Velus Jones  (CHI)    ,WR102,14,3 out of 5 stars 3 out of 5 stars 3 out of 5 stars 3 out of 5 stars 3 out of 5 stars,27
305,,Josh Reynolds (DET)    ,WR103,6,3 out of 5 stars 3 out of 5 stars 3 out of 5 stars 3 out of 5 stars 3 out of 5 stars,-
306,,Seattle Seahawks (SEA)    ,DST27,11,3 out of 5 stars 3 out of 5 stars 3 out of 5 stars 3 out of 5 stars 3 out of 5 stars,-54
307,,Tyler Conklin (NYJ)    ,TE35,10,3 out of 5 stars 3 out of 5 stars 3 out of 5 stars 3 out of 5 stars 3 out of 5 stars,-
308,,Ka'imi Fairbairn (HOU)    ,K26,6,4 out of 5 stars 4 out of 5 stars 4 out of 5 stars 4 out of 5 stars 4 out of 5 stars,-
309,,O.J. Howard (HOU)    ,TE36,6,3 out of 5 stars 3 out of 5 stars 3 out of 5 stars 3 out of 5 stars 3 out of 5 stars,-
310,,Daniel Bellinger (NYG)    ,TE37,9,4 out of 5 stars 4 out of 5 stars 4 out of 5 stars 4 out of 5 stars 4 out of 5 stars,-
311,,Ameer Abdullah (LV)    ,RB84,6,2 out of 5 stars 2 out of 5 stars 2 out of 5 stars 2 out of 5 stars 2 out of 5 stars,-69
312,,Dontrell Hilliard (TEN)    ,RB85,6,4 out of 5 stars 4 out of 5 stars 4 out of 5 stars 4 out of 5 stars 4 out of 5 stars,-84
313,,Devin Duvernay (BAL)    ,WR104,10,3 out of 5 stars 3 out of 5 stars 3 out of 5 stars 3 out of 5 stars 3 out of 5 stars,-
314,,Pierre Strong  (NE)     ,RB86,10,4 out of 5 stars 4 out of 5 stars 4 out of 5 stars 4 out of 5 stars 4 out of 5 stars,-
315,,Isaiah Likely (BAL)    ,TE38,10,2 out of 5 stars 2 out of 5 stars 2 out of 5 stars 2 out of 5 stars 2 out of 5 stars,-91
