1,,Christian McCaffrey (CAR)      ,RB1,13,3 out of 5 stars 3 out of 5 stars 3 out of 5 stars 3 out of 5 stars 3 out of 5 stars,1
2,,Jonathan Taylor (IND)    ,RB2,14,3 out of 5 stars 3 out of 5 stars 3 out of 5 stars 3 out of 5 stars 3 out of 5 stars,-1
3,,Austin Ekeler (LAC)    ,RB3,8,2 out of 5 stars 2 out of 5 stars 2 out of 5 stars 2 out of 5 stars 2 out of 5 stars,0
4,,Dalvin Cook (MIN)      ,RB4,7,4 out of 5 stars 4 out of 5 stars 4 out of 5 stars 4 out of 5 stars 4 out of 5 stars,3
5,,Justin Jefferson (MIN)     ,WR1,7,2 out of 5 stars 2 out of 5 stars 2 out of 5 stars 2 out of 5 stars 2 out of 5 stars,1
6,,Cooper Kupp (LAR)     ,WR2,7,2 out of 5 stars 2 out of 5 stars 2 out of 5 stars 2 out of 5 stars 2 out of 5 stars,-2
7,,Najee Harris (PIT)    ,RB5,9,3 out of 5 stars 3 out of 5 stars 3 out of 5 stars 3 out of 5 stars 3 out of 5 stars,1
8,,Derrick Henry (TEN)     ,RB6,6,4 out of 5 stars 4 out of 5 stars 4 out of 5 stars 4 out of 5 stars 4 out of 5 stars,-3
9,,D'Andre Swift (DET)     ,RB7,6,4 out of 5 stars 4 out of 5 stars 4 out of 5 stars 4 out of 5 stars 4 out of 5 stars,5
10,,Travis Kelce (KC)    ,TE1,8,3 out of 5 stars 3 out of 5 stars 3 out of 5 stars 3 out of 5 stars 3 out of 5 stars,5
11,,Joe Mixon (CIN)     ,RB8,10,3 out of 5 stars 3 out of 5 stars 3 out of 5 stars 3 out of 5 stars 3 out of 5 stars,-1
12,,Ja'Marr Chase (CIN)     ,WR3,10,3 out of 5 stars 3 out of 5 stars 3 out of 5 stars 3 out of 5 stars 3 out of 5 stars,-3
13,,Stefon Diggs (BUF)    ,WR4,7,4 out of 5 stars 4 out of 5 stars 4 out of 5 stars 4 out of 5 stars 4 out of 5 stars,-1
14,,Alvin Kamara (NO)     ,RB9,14,3 out of 5 stars 3 out of 5 stars 3 out of 5 stars 3 out of 5 stars 3 out of 5 stars,-1
15,,Davante Adams (LV)      ,WR5,6,2 out of 5 stars 2 out of 5 stars 2 out of 5 stars 2 out of 5 stars 2 out of 5 stars,-4
16,,Saquon Barkley (NYG)     ,RB10,9,3 out of 5 stars 3 out of 5 stars 3 out of 5 stars 3 out of 5 stars 3 out of 5 stars,5
17,,Aaron Jones (GB)      ,RB11,14,3 out of 5 stars 3 out of 5 stars 3 out of 5 stars 3 out of 5 stars 3 out of 5 stars,2
18,,CeeDee Lamb (DAL)     ,WR6,9,3 out of 5 stars 3 out of 5 stars 3 out of 5 stars 3 out of 5 stars 3 out of 5 stars,2
19,,Mark Andrews (BAL)      ,TE2,10,2 out of 5 stars 2 out of 5 stars 2 out of 5 stars 2 out of 5 stars 2 out of 5 stars,4
20,,Leonard Fournette (TB)      ,RB12,11,2 out of 5 stars 2 out of 5 stars 2 out of 5 stars 2 out of 5 stars 2 out of 5 stars,4
21,,Tyreek Hill (MIA)     ,WR7,11,2 out of 5 stars 2 out of 5 stars 2 out of 5 stars 2 out of 5 stars 2 out of 5 stars,-3
22,,Mike Evans (TB)     ,WR8,11,4 out of 5 stars 4 out of 5 stars 4 out of 5 stars 4 out of 5 stars 4 out of 5 stars,4
23,,Javonte Williams (DEN)     ,RB13,9,3 out of 5 stars 3 out of 5 stars 3 out of 5 stars 3 out of 5 stars 3 out of 5 stars,2
24,,Keenan Allen (LAC)    ,WR9,8,3 out of 5 stars 3 out of 5 stars 3 out of 5 stars 3 out of 5 stars 3 out of 5 stars,3
25,,Michael Pittman  (IND)     ,WR10,14,4 out of 5 stars 4 out of 5 stars 4 out of 5 stars 4 out of 5 stars 4 out of 5 stars,10
26,,Deebo Samuel (SF)      ,WR11,9,3 out of 5 stars 3 out of 5 stars 3 out of 5 stars 3 out of 5 stars 3 out of 5 stars,-10
27,,Nick Chubb (CLE)     ,RB14,9,3 out of 5 stars 3 out of 5 stars 3 out of 5 stars 3 out of 5 stars 3 out of 5 stars,-10
28,,AJ Brown (PHI)      ,WR12,7,4 out of 5 stars 4 out of 5 stars 4 out of 5 stars 4 out of 5 stars 4 out of 5 stars,3
29,,Tee Higgins (CIN)      ,WR13,10,3 out of 5 stars 3 out of 5 stars 3 out of 5 stars 3 out of 5 stars 3 out of 5 stars,4
30,,Kyle Pitts (ATL)      ,TE3,14,2 out of 5 stars 2 out of 5 stars 2 out of 5 stars 2 out of 5 stars 2 out of 5 stars,2
31,,James Conner (ARI)     ,RB15,13,2 out of 5 stars 2 out of 5 stars 2 out of 5 stars 2 out of 5 stars 2 out of 5 stars,-3
32,,DJ Moore (CAR)      ,WR14,13,3 out of 5 stars 3 out of 5 stars 3 out of 5 stars 3 out of 5 stars 3 out of 5 stars,10
33,,Ezekiel Elliott (DAL)      ,RB16,9,4 out of 5 stars 4 out of 5 stars 4 out of 5 stars 4 out of 5 stars 4 out of 5 stars,-3
34,,Travis Etienne  (JAC)      ,RB17,11,3 out of 5 stars 3 out of 5 stars 3 out of 5 stars 3 out of 5 stars 3 out of 5 stars,5
35,,Josh Allen (BUF)    ,QB1,7,3 out of 5 stars 3 out of 5 stars 3 out of 5 stars 3 out of 5 stars 3 out of 5 stars,-13
36,,Diontae Johnson (PIT)      ,WR15,9,4 out of 5 stars 4 out of 5 stars 4 out of 5 stars 4 out of 5 stars 4 out of 5 stars,5
37,,David Montgomery (CHI)      ,RB18,14,5 out of 5 stars 5 out of 5 stars 5 out of 5 stars 5 out of 5 stars 5 out of 5 stars,-1
38,,Jaylen Waddle (MIA)     ,WR16,11,2 out of 5 stars 2 out of 5 stars 2 out of 5 stars 2 out of 5 stars 2 out of 5 stars,7
39,,Courtland Sutton (DEN)      ,WR17,9,4 out of 5 stars 4 out of 5 stars 4 out of 5 stars 4 out of 5 stars 4 out of 5 stars,17
40,,Mike Williams (LAC)      ,WR18,8,3 out of 5 stars 3 out of 5 stars 3 out of 5 stars 3 out of 5 stars 3 out of 5 stars,7
41,,Terry McLaurin (WAS)     ,WR19,14,4 out of 5 stars 4 out of 5 stars 4 out of 5 stars 4 out of 5 stars 4 out of 5 stars,-1
42,,Breece Hall (NYJ)    ,RB19,10,4 out of 5 stars 4 out of 5 stars 4 out of 5 stars 4 out of 5 stars 4 out of 5 stars,9
43,,Justin Herbert (LAC)      ,QB2,8,3 out of 5 stars 3 out of 5 stars 3 out of 5 stars 3 out of 5 stars 3 out of 5 stars,-9
44,,Brandin Cooks (HOU)      ,WR20,6,3 out of 5 stars 3 out of 5 stars 3 out of 5 stars 3 out of 5 stars 3 out of 5 stars,9
45,,Allen Robinson II (LAR)     ,WR21,7,2 out of 5 stars 2 out of 5 stars 2 out of 5 stars 2 out of 5 stars 2 out of 5 stars,17
46,,Patrick Mahomes II (KC)     ,QB3,8,2 out of 5 stars 2 out of 5 stars 2 out of 5 stars 2 out of 5 stars 2 out of 5 stars,-17
47,,Cam Akers (LAR)      ,RB20,7,2 out of 5 stars 2 out of 5 stars 2 out of 5 stars 2 out of 5 stars 2 out of 5 stars,-9
48,,George Kittle (SF)    ,TE4,9,4 out of 5 stars 4 out of 5 stars 4 out of 5 stars 4 out of 5 stars 4 out of 5 stars,-11
49,,AJ Dillon (GB)      ,RB21,14,3 out of 5 stars 3 out of 5 stars 3 out of 5 stars 3 out of 5 stars 3 out of 5 stars,18
50,,Lamar Jackson (BAL)    ,QB4,10,2 out of 5 stars 2 out of 5 stars 2 out of 5 stars 2 out of 5 stars 2 out of 5 stars,-7
51,,DK Metcalf (SEA)      ,WR22,11,4 out of 5 stars 4 out of 5 stars 4 out of 5 stars 4 out of 5 stars 4 out of 5 stars,-5
52,,Elijah Mitchell (SF)      ,RB22,9,2 out of 5 stars 2 out of 5 stars 2 out of 5 stars 2 out of 5 stars 2 out of 5 stars,-3
53,,Darren Waller (LV)    ,TE5,6,2 out of 5 stars 2 out of 5 stars 2 out of 5 stars 2 out of 5 stars 2 out of 5 stars,-9
54,,Josh Jacobs (LV)      ,RB23,6,2 out of 5 stars 2 out of 5 stars 2 out of 5 stars 2 out of 5 stars 2 out of 5 stars,-6
55,,Darnell Mooney (CHI)     ,WR23,14,3 out of 5 stars 3 out of 5 stars 3 out of 5 stars 3 out of 5 stars 3 out of 5 stars,17
56,,Marquise Brown (ARI)      ,WR24,13,2 out of 5 stars 2 out of 5 stars 2 out of 5 stars 2 out of 5 stars 2 out of 5 stars,4
57,,Chase Edmonds (MIA)      ,RB24,11,4 out of 5 stars 4 out of 5 stars 4 out of 5 stars 4 out of 5 stars 4 out of 5 stars,31
58,,J.K. Dobbins (BAL)      ,RB25,10,4 out of 5 stars 4 out of 5 stars 4 out of 5 stars 4 out of 5 stars 4 out of 5 stars,-8
59,,Amon-Ra St. Brown (DET)     ,WR25,6,3 out of 5 stars 3 out of 5 stars 3 out of 5 stars 3 out of 5 stars 3 out of 5 stars,4
60,,Chris Godwin (TB)      ,WR26,11,4 out of 5 stars 4 out of 5 stars 4 out of 5 stars 4 out of 5 stars 4 out of 5 stars,-2
61,,Michael Thomas (NO)     ,WR27,14,4 out of 5 stars 4 out of 5 stars 4 out of 5 stars 4 out of 5 stars 4 out of 5 stars,16
62,,Rashod Bateman (BAL)      ,WR28,10,3 out of 5 stars 3 out of 5 stars 3 out of 5 stars 3 out of 5 stars 3 out of 5 stars,27
63,,Jerry Jeudy (DEN)      ,WR29,9,4 out of 5 stars 4 out of 5 stars 4 out of 5 stars 4 out of 5 stars 4 out of 5 stars,2
64,,Antonio Gibson (WAS)      ,RB26,14,4 out of 5 stars 4 out of 5 stars 4 out of 5 stars 4 out of 5 stars 4 out of 5 stars,-5
65,,Dalton Schultz (DAL)      ,TE6,9,3 out of 5 stars 3 out of 5 stars 3 out of 5 stars 3 out of 5 stars 3 out of 5 stars,-10
66,,Kyler Murray (ARI)    ,QB5,13,2 out of 5 stars 2 out of 5 stars 2 out of 5 stars 2 out of 5 stars 2 out of 5 stars,-14
67,,Jalen Hurts (PHI)      ,QB6,7,4 out of 5 stars 4 out of 5 stars 4 out of 5 stars 4 out of 5 stars 4 out of 5 stars,-13
68,,JuJu Smith-Schuster (KC)     ,WR30,8,2 out of 5 stars 2 out of 5 stars 2 out of 5 stars 2 out of 5 stars 2 out of 5 stars,5
69,,Clyde Edwards-Helaire (KC)     ,RB27,8,3 out of 5 stars 3 out of 5 stars 3 out of 5 stars 3 out of 5 stars 3 out of 5 stars,-8
70,,Dameon Pierce (HOU)      ,RB28,6,3 out of 5 stars 3 out of 5 stars 3 out of 5 stars 3 out of 5 stars 3 out of 5 stars,17
71,,Gabriel Davis (BUF)      ,WR31,7,4 out of 5 stars 4 out of 5 stars 4 out of 5 stars 4 out of 5 stars 4 out of 5 stars,-3
72,,Kareem Hunt (CLE)     ,RB29,9,3 out of 5 stars 3 out of 5 stars 3 out of 5 stars 3 out of 5 stars 3 out of 5 stars,13
73,,Amari Cooper (CLE)      ,WR32,9,4 out of 5 stars 4 out of 5 stars 4 out of 5 stars 4 out of 5 stars 4 out of 5 stars,-7
74,,Tony Pollard (DAL)     ,RB30,9,4 out of 5 stars 4 out of 5 stars 4 out of 5 stars 4 out of 5 stars 4 out of 5 stars,10
75,,Elijah Moore (NYJ)     ,WR33,10,1 out of 5 stars 1 out of 5 stars 1 out of 5 stars 1 out of 5 stars 1 out of 5 stars,15
76,,Joe Burrow (CIN)      ,QB7,10,2 out of 5 stars 2 out of 5 stars 2 out of 5 stars 2 out of 5 stars 2 out of 5 stars,-19
77,,Dallas Goedert (PHI)    ,TE7,7,2 out of 5 stars 2 out of 5 stars 2 out of 5 stars 2 out of 5 stars 2 out of 5 stars,-8
78,,Adam Thielen (MIN)      ,WR34,7,2 out of 5 stars 2 out of 5 stars 2 out of 5 stars 2 out of 5 stars 2 out of 5 stars,-8
79,,Rhamondre Stevenson (NE)      ,RB31,10,4 out of 5 stars 4 out of 5 stars 4 out of 5 stars 4 out of 5 stars 4 out of 5 stars,21
80,,Damien Harris (NE)      ,RB32,10,4 out of 5 stars 4 out of 5 stars 4 out of 5 stars 4 out of 5 stars 4 out of 5 stars,-2
81,,Rashaad Penny (SEA)     ,RB33,11,2 out of 5 stars 2 out of 5 stars 2 out of 5 stars 2 out of 5 stars 2 out of 5 stars,5
82,,Miles Sanders (PHI)     ,RB34,7,3 out of 5 stars 3 out of 5 stars 3 out of 5 stars 3 out of 5 stars 3 out of 5 stars,-3
83,,Cordarrelle Patterson (ATL)      ,RB35,14,1 out of 5 stars 1 out of 5 stars 1 out of 5 stars 1 out of 5 stars 1 out of 5 stars,-1
84,,T.J. Hockenson (DET)    ,TE8,6,4 out of 5 stars 4 out of 5 stars 4 out of 5 stars 4 out of 5 stars 4 out of 5 stars,-20
85,,Devin Singletary (BUF)      ,RB36,7,4 out of 5 stars 4 out of 5 stars 4 out of 5 stars 4 out of 5 stars 4 out of 5 stars,-2
86,,Tom Brady (TB)    ,QB8,11,3 out of 5 stars 3 out of 5 stars 3 out of 5 stars 3 out of 5 stars 3 out of 5 stars,-15
87,,Russell Wilson (DEN)    ,QB9,9,4 out of 5 stars 4 out of 5 stars 4 out of 5 stars 4 out of 5 stars 4 out of 5 stars,-13
88,,Hunter Renfrow (LV)      ,WR35,6,2 out of 5 stars 2 out of 5 stars 2 out of 5 stars 2 out of 5 stars 2 out of 5 stars,-7
89,,Brandon Aiyuk (SF)      ,WR36,9,3 out of 5 stars 3 out of 5 stars 3 out of 5 stars 3 out of 5 stars 3 out of 5 stars,8
90,,DeVonta Smith (PHI)    ,WR37,7,4 out of 5 stars 4 out of 5 stars 4 out of 5 stars 4 out of 5 stars 4 out of 5 stars,2
91,,Dak Prescott (DAL)    ,QB10,9,3 out of 5 stars 3 out of 5 stars 3 out of 5 stars 3 out of 5 stars 3 out of 5 stars,-15
92,,Drake London (ATL)      ,WR38,14,4 out of 5 stars 4 out of 5 stars 4 out of 5 stars 4 out of 5 stars 4 out of 5 stars,6
93,,Christian Kirk (JAC)     ,WR39,11,4 out of 5 stars 4 out of 5 stars 4 out of 5 stars 4 out of 5 stars 4 out of 5 stars,6
94,,Melvin Gordon III (DEN)    ,RB37,9,3 out of 5 stars 3 out of 5 stars 3 out of 5 stars 3 out of 5 stars 3 out of 5 stars,11
95,,Zach Ertz (ARI)    ,TE9,13,3 out of 5 stars 3 out of 5 stars 3 out of 5 stars 3 out of 5 stars 3 out of 5 stars,-4
96,,Allen Lazard (GB)     ,WR40,14,3 out of 5 stars 3 out of 5 stars 3 out of 5 stars 3 out of 5 stars 3 out of 5 stars,7
97,,Trey Lance (SF)      ,QB11,9,3 out of 5 stars 3 out of 5 stars 3 out of 5 stars 3 out of 5 stars 3 out of 5 stars,5
98,,Tyler Lockett (SEA)      ,WR41,11,4 out of 5 stars 4 out of 5 stars 4 out of 5 stars 4 out of 5 stars 4 out of 5 stars,-2
99,,Matthew Stafford (LAR)     ,QB12,7,3 out of 5 stars 3 out of 5 stars 3 out of 5 stars 3 out of 5 stars 3 out of 5 stars,-4
100,,Aaron Rodgers (GB)      ,QB13,14,2 out of 5 stars 2 out of 5 stars 2 out of 5 stars 2 out of 5 stars 2 out of 5 stars,-25
101,,Robert Woods (TEN)    ,WR42,6,3 out of 5 stars 3 out of 5 stars 3 out of 5 stars 3 out of 5 stars 3 out of 5 stars,0
102,,DeAndre Hopkins (ARI)      ,WR43,13,2 out of 5 stars 2 out of 5 stars 2 out of 5 stars 2 out of 5 stars 2 out of 5 stars,-22
103,,Michael Carter (NYJ)    ,RB38,10,4 out of 5 stars 4 out of 5 stars 4 out of 5 stars 4 out of 5 stars 4 out of 5 stars,10
104,,Nyheim Hines (IND)     ,RB39,14,3 out of 5 stars 3 out of 5 stars 3 out of 5 stars 3 out of 5 stars 3 out of 5 stars,34
105,,James Cook (BUF)    ,RB40,7,4 out of 5 stars 4 out of 5 stars 4 out of 5 stars 4 out of 5 stars 4 out of 5 stars,9
106,,Cole Kmet (CHI)      ,TE10,14,5 out of 5 stars 5 out of 5 stars 5 out of 5 stars 5 out of 5 stars 5 out of 5 stars,13
107,,Dawson Knox (BUF)      ,TE11,7,3 out of 5 stars 3 out of 5 stars 3 out of 5 stars 3 out of 5 stars 3 out of 5 stars,-14
108,,Kadarius Toney (NYG)      ,WR44,9,4 out of 5 stars 4 out of 5 stars 4 out of 5 stars 4 out of 5 stars 4 out of 5 stars,8
109,,Pat Freiermuth (PIT)    ,TE12,9,4 out of 5 stars 4 out of 5 stars 4 out of 5 stars 4 out of 5 stars 4 out of 5 stars,-3
110,,Kenneth Walker III (SEA)     ,RB41,11,2 out of 5 stars 2 out of 5 stars 2 out of 5 stars 2 out of 5 stars 2 out of 5 stars,1
111,,Darrell Henderson  (LAR)    ,RB42,7,2 out of 5 stars 2 out of 5 stars 2 out of 5 stars 2 out of 5 stars 2 out of 5 stars,20
112,,Kirk Cousins (MIN)     ,QB14,7,3 out of 5 stars 3 out of 5 stars 3 out of 5 stars 3 out of 5 stars 3 out of 5 stars,6
113,,Derek Carr (LV)      ,QB15,6,2 out of 5 stars 2 out of 5 stars 2 out of 5 stars 2 out of 5 stars 2 out of 5 stars,-4
114,,Chris Olave (NO)      ,WR45,14,4 out of 5 stars 4 out of 5 stars 4 out of 5 stars 4 out of 5 stars 4 out of 5 stars,-7
115,,J.D. McKissic (WAS)    ,RB43,14,4 out of 5 stars 4 out of 5 stars 4 out of 5 stars 4 out of 5 stars 4 out of 5 stars,44
116,,Chase Claypool (PIT)      ,WR46,9,4 out of 5 stars 4 out of 5 stars 4 out of 5 stars 4 out of 5 stars 4 out of 5 stars,-6
117,,Jakobi Meyers (NE)     ,WR47,10,4 out of 5 stars 4 out of 5 stars 4 out of 5 stars 4 out of 5 stars 4 out of 5 stars,38
118,,Tyler Boyd (CIN)      ,WR48,10,3 out of 5 stars 3 out of 5 stars 3 out of 5 stars 3 out of 5 stars 3 out of 5 stars,16
119,,James Robinson (JAC)     ,RB44,11,3 out of 5 stars 3 out of 5 stars 3 out of 5 stars 3 out of 5 stars 3 out of 5 stars,-7
120,,Kenneth Gainwell (PHI)     ,RB45,7,3 out of 5 stars 3 out of 5 stars 3 out of 5 stars 3 out of 5 stars 3 out of 5 stars,27
121,,Treylon Burks (TEN)     ,WR49,6,3 out of 5 stars 3 out of 5 stars 3 out of 5 stars 3 out of 5 stars 3 out of 5 stars,2
122,,Alexander Mattison (MIN)    ,RB46,7,4 out of 5 stars 4 out of 5 stars 4 out of 5 stars 4 out of 5 stars 4 out of 5 stars,8
123,,Garrett Wilson (NYJ)      ,WR50,10,1 out of 5 stars 1 out of 5 stars 1 out of 5 stars 1 out of 5 stars 1 out of 5 stars,9
124,,Russell Gage (TB)      ,WR51,11,4 out of 5 stars 4 out of 5 stars 4 out of 5 stars 4 out of 5 stars 4 out of 5 stars,16
125,,Skyy Moore (KC)      ,WR52,8,2 out of 5 stars 2 out of 5 stars 2 out of 5 stars 2 out of 5 stars 2 out of 5 stars,14
126,,Tua Tagovailoa (MIA)     ,QB16,11,2 out of 5 stars 2 out of 5 stars 2 out of 5 stars 2 out of 5 stars 2 out of 5 stars,9
127,,Khalil Herbert (CHI)      ,RB47,14,5 out of 5 stars 5 out of 5 stars 5 out of 5 stars 5 out of 5 stars 5 out of 5 stars,54
128,,George Pickens (PIT)      ,WR53,9,4 out of 5 stars 4 out of 5 stars 4 out of 5 stars 4 out of 5 stars 4 out of 5 stars,-6
129,,Rondale Moore (ARI)      ,WR54,13,2 out of 5 stars 2 out of 5 stars 2 out of 5 stars 2 out of 5 stars 2 out of 5 stars,47
130,,Jamaal Williams (DET)     ,RB48,6,4 out of 5 stars 4 out of 5 stars 4 out of 5 stars 4 out of 5 stars 4 out of 5 stars,33
131,,Justin Fields (CHI)      ,QB17,14,4 out of 5 stars 4 out of 5 stars 4 out of 5 stars 4 out of 5 stars 4 out of 5 stars,13
132,,Hunter Henry (NE)      ,TE13,10,4 out of 5 stars 4 out of 5 stars 4 out of 5 stars 4 out of 5 stars 4 out of 5 stars,-6
133,,Irv Smith  (MIN)     ,TE14,7,3 out of 5 stars 3 out of 5 stars 3 out of 5 stars 3 out of 5 stars 3 out of 5 stars,38
134,,Jarvis Landry (NO)    ,WR55,14,4 out of 5 stars 4 out of 5 stars 4 out of 5 stars 4 out of 5 stars 4 out of 5 stars,18
135,,Raheem Mostert (MIA)    ,RB49,11,4 out of 5 stars 4 out of 5 stars 4 out of 5 stars 4 out of 5 stars 4 out of 5 stars,8
136,,DeVante Parker (NE)     ,WR56,10,4 out of 5 stars 4 out of 5 stars 4 out of 5 stars 4 out of 5 stars 4 out of 5 stars,21
137,,Mike Gesicki (MIA)      ,TE15,11,3 out of 5 stars 3 out of 5 stars 3 out of 5 stars 3 out of 5 stars 3 out of 5 stars,-17
138,,Albert Okwuegbunam (DEN)      ,TE16,9,3 out of 5 stars 3 out of 5 stars 3 out of 5 stars 3 out of 5 stars 3 out of 5 stars,29
139,,Marquez Valdes-Scantling (KC)    ,WR57,8,2 out of 5 stars 2 out of 5 stars 2 out of 5 stars 2 out of 5 stars 2 out of 5 stars,7
140,,Michael Gallup (DAL)    ,WR58,9,3 out of 5 stars 3 out of 5 stars 3 out of 5 stars 3 out of 5 stars 3 out of 5 stars,1
141,,David Njoku (CLE)      ,TE17,9,4 out of 5 stars 4 out of 5 stars 4 out of 5 stars 4 out of 5 stars 4 out of 5 stars,15
142,,Rachaad White (TB)      ,RB50,11,2 out of 5 stars 2 out of 5 stars 2 out of 5 stars 2 out of 5 stars 2 out of 5 stars,43
143,,DJ Chark  (DET)    ,WR59,6,3 out of 5 stars 3 out of 5 stars 3 out of 5 stars 3 out of 5 stars 3 out of 5 stars,2
144,,Trevor Lawrence (JAC)    ,QB18,11,5 out of 5 stars 5 out of 5 stars 5 out of 5 stars 5 out of 5 stars 5 out of 5 stars,7
145,,Jahan Dotson (WAS)      ,WR60,14,4 out of 5 stars 4 out of 5 stars 4 out of 5 stars 4 out of 5 stars 4 out of 5 stars,25
146,,Tyler Allgeier (ATL)    ,RB51,14,1 out of 5 stars 1 out of 5 stars 1 out of 5 stars 1 out of 5 stars 1 out of 5 stars,37
147,,Julio Jones (TB)      ,WR61,11,4 out of 5 stars 4 out of 5 stars 4 out of 5 stars 4 out of 5 stars 4 out of 5 stars,-5
148,,Noah Fant (SEA)    ,TE18,11,2 out of 5 stars 2 out of 5 stars 2 out of 5 stars 2 out of 5 stars 2 out of 5 stars,10
149,,Tyler Higbee (LAR)    ,TE19,7,3 out of 5 stars 3 out of 5 stars 3 out of 5 stars 3 out of 5 stars 3 out of 5 stars,4
150,,Gerald Everett (LAC)    ,TE20,8,4 out of 5 stars 4 out of 5 stars 4 out of 5 stars 4 out of 5 stars 4 out of 5 stars,34
151,,Nico Collins (HOU)     ,WR62,6,3 out of 5 stars 3 out of 5 stars 3 out of 5 stars 3 out of 5 stars 3 out of 5 stars,57
152,,Kenny Golladay (NYG)    ,WR63,9,4 out of 5 stars 4 out of 5 stars 4 out of 5 stars 4 out of 5 stars 4 out of 5 stars,34
153,,Robert Tonyan (GB)    ,TE21,14,1 out of 5 stars 1 out of 5 stars 1 out of 5 stars 1 out of 5 stars 1 out of 5 stars,22
154,,Jameis Winston (NO)    ,QB19,14,3 out of 5 stars 3 out of 5 stars 3 out of 5 stars 3 out of 5 stars 3 out of 5 stars,8
155,,Evan Engram (JAC)    ,TE22,11,4 out of 5 stars 4 out of 5 stars 4 out of 5 stars 4 out of 5 stars 4 out of 5 stars,34
156,,Matt Ryan (IND)    ,QB20,14,3 out of 5 stars 3 out of 5 stars 3 out of 5 stars 3 out of 5 stars 3 out of 5 stars,10
157,,Joshua Palmer (LAC)    ,WR64,8,3 out of 5 stars 3 out of 5 stars 3 out of 5 stars 3 out of 5 stars 3 out of 5 stars,34
158,,Isaiah Spiller (LAC)    ,RB52,8,2 out of 5 stars 2 out of 5 stars 2 out of 5 stars 2 out of 5 stars 2 out of 5 stars,54
159,,Austin Hooper (TEN)    ,TE23,6,5 out of 5 stars 5 out of 5 stars 5 out of 5 stars 5 out of 5 stars 5 out of 5 stars,41
160,,Buffalo Bills (BUF)    ,DST1,7,4 out of 5 stars 4 out of 5 stars 4 out of 5 stars 4 out of 5 stars 4 out of 5 stars,-66
161,,Tampa Bay Buccaneers (TB)    ,DST2,11,4 out of 5 stars 4 out of 5 stars 4 out of 5 stars 4 out of 5 stars 4 out of 5 stars,-53
162,,Corey Davis (NYJ)    ,WR65,10,1 out of 5 stars 1 out of 5 stars 1 out of 5 stars 1 out of 5 stars 1 out of 5 stars,61
163,,Robbie Anderson (CAR)    ,WR66,13,3 out of 5 stars 3 out of 5 stars 3 out of 5 stars 3 out of 5 stars 3 out of 5 stars,38
164,,San Francisco 49ers (SF)    ,DST3,9,4 out of 5 stars 4 out of 5 stars 4 out of 5 stars 4 out of 5 stars 4 out of 5 stars,-49
165,,Mark Ingram II (NO)    ,RB53,14,3 out of 5 stars 3 out of 5 stars 3 out of 5 stars 3 out of 5 stars 3 out of 5 stars,7
166,,K.J. Osborn (MIN)    ,WR67,7,2 out of 5 stars 2 out of 5 stars 2 out of 5 stars 2 out of 5 stars 2 out of 5 stars,69
167,,Ryan Tannehill (TEN)      ,QB21,6,4 out of 5 stars 4 out of 5 stars 4 out of 5 stars 4 out of 5 stars 4 out of 5 stars,15
168,,Zamir White (LV)    ,RB54,6,2 out of 5 stars 2 out of 5 stars 2 out of 5 stars 2 out of 5 stars 2 out of 5 stars,42
169,,Mecole Hardman (KC)    ,WR68,8,2 out of 5 stars 2 out of 5 stars 2 out of 5 stars 2 out of 5 stars 2 out of 5 stars,-5
170,,Indianapolis Colts (IND)    ,DST4,14,3 out of 5 stars 3 out of 5 stars 3 out of 5 stars 3 out of 5 stars 3 out of 5 stars,-53
171,,Darrel Williams (ARI)      ,RB55,13,2 out of 5 stars 2 out of 5 stars 2 out of 5 stars 2 out of 5 stars 2 out of 5 stars,59
172,,Van Jefferson (LAR)    ,WR69,7,2 out of 5 stars 2 out of 5 stars 2 out of 5 stars 2 out of 5 stars 2 out of 5 stars,52
173,,Marvin Jones  (JAC)    ,WR70,11,4 out of 5 stars 4 out of 5 stars 4 out of 5 stars 4 out of 5 stars 4 out of 5 stars,26
174,,New Orleans Saints (NO)    ,DST5,14,3 out of 5 stars 3 out of 5 stars 3 out of 5 stars 3 out of 5 stars 3 out of 5 stars,-45
175,,Wan'Dale Robinson (NYG)     ,WR71,9,4 out of 5 stars 4 out of 5 stars 4 out of 5 stars 4 out of 5 stars 4 out of 5 stars,59
176,,Jalen Tolbert (DAL)      ,WR72,9,3 out of 5 stars 3 out of 5 stars 3 out of 5 stars 3 out of 5 stars 3 out of 5 stars,20
177,,Justin Tucker (BAL)    ,K1,10,3 out of 5 stars 3 out of 5 stars 3 out of 5 stars 3 out of 5 stars 3 out of 5 stars,-73
178,,Hayden Hurst (CIN)      ,TE24,10,2 out of 5 stars 2 out of 5 stars 2 out of 5 stars 2 out of 5 stars 2 out of 5 stars,17
179,,Logan Thomas (WAS)    ,TE25,14,4 out of 5 stars 4 out of 5 stars 4 out of 5 stars 4 out of 5 stars 4 out of 5 stars,40
180,,Denver Broncos (DEN)    ,DST6,9,3 out of 5 stars 3 out of 5 stars 3 out of 5 stars 3 out of 5 stars 3 out of 5 stars,-12
181,,Los Angeles Rams (LAR)    ,DST7,7,3 out of 5 stars 3 out of 5 stars 3 out of 5 stars 3 out of 5 stars 3 out of 5 stars,-57
182,,Jameson Williams (DET)      ,WR73,6,3 out of 5 stars 3 out of 5 stars 3 out of 5 stars 3 out of 5 stars 3 out of 5 stars,33
183,,Daniel Jones (NYG)      ,QB22,9,5 out of 5 stars 5 out of 5 stars 5 out of 5 stars 5 out of 5 stars 5 out of 5 stars,23
184,,Mac Jones (NE)    ,QB23,10,4 out of 5 stars 4 out of 5 stars 4 out of 5 stars 4 out of 5 stars 4 out of 5 stars,-4
185,,Isaiah McKenzie (BUF)     ,WR74,7,4 out of 5 stars 4 out of 5 stars 4 out of 5 stars 4 out of 5 stars 4 out of 5 stars,-7
186,,New England Patriots (NE)    ,DST8,10,3 out of 5 stars 3 out of 5 stars 3 out of 5 stars 3 out of 5 stars 3 out of 5 stars,-25
187,,Christian Watson (GB)     ,WR75,14,3 out of 5 stars 3 out of 5 stars 3 out of 5 stars 3 out of 5 stars 3 out of 5 stars,26
188,,Tyler Bass (BUF)    ,K2,7,4 out of 5 stars 4 out of 5 stars 4 out of 5 stars 4 out of 5 stars 4 out of 5 stars,-61
189,,Isiah Pacheco (KC)     ,RB56,8,3 out of 5 stars 3 out of 5 stars 3 out of 5 stars 3 out of 5 stars 3 out of 5 stars,3
190,,Brian Robinson  (WAS)      ,RB57,14,4 out of 5 stars 4 out of 5 stars 4 out of 5 stars 4 out of 5 stars 4 out of 5 stars,-42
191,,D'Onta Foreman (CAR)    ,RB58,13,3 out of 5 stars 3 out of 5 stars 3 out of 5 stars 3 out of 5 stars 3 out of 5 stars,35
192,,KJ Hamler (DEN)    ,WR76,9,4 out of 5 stars 4 out of 5 stars 4 out of 5 stars 4 out of 5 stars 4 out of 5 stars,66
193,,Parris Campbell (IND)      ,WR77,14,4 out of 5 stars 4 out of 5 stars 4 out of 5 stars 4 out of 5 stars 4 out of 5 stars,55
194,,Matt Gay (LAR)    ,K3,7,2 out of 5 stars 2 out of 5 stars 2 out of 5 stars 2 out of 5 stars 2 out of 5 stars,-61
195,,Dallas Cowboys (DAL)    ,DST9,9,2 out of 5 stars 2 out of 5 stars 2 out of 5 stars 2 out of 5 stars 2 out of 5 stars,-59
196,,Alec Pierce (IND)    ,WR78,14,4 out of 5 stars 4 out of 5 stars 4 out of 5 stars 4 out of 5 stars 4 out of 5 stars,26
197,,Samaje Perine (CIN)    ,RB59,10,3 out of 5 stars 3 out of 5 stars 3 out of 5 stars 3 out of 5 stars 3 out of 5 stars,65
198,,Jerick McKinnon (KC)    ,RB60,8,3 out of 5 stars 3 out of 5 stars 3 out of 5 stars 3 out of 5 stars 3 out of 5 stars,23
199,,Evan McPherson (CIN)    ,K4,10,0 out of 5 stars 0 out of 5 stars 0 out of 5 stars 0 out of 5 stars 0 out of 5 stars,-78
200,,Gus Edwards (BAL)    ,RB61,10,4 out of 5 stars 4 out of 5 stars 4 out of 5 stars 4 out of 5 stars 4 out of 5 stars,47
201,,Los Angeles Chargers (LAC)    ,DST10,8,4 out of 5 stars 4 out of 5 stars 4 out of 5 stars 4 out of 5 stars 4 out of 5 stars,-51
202,,Daniel Carlson (LV)    ,K5,6,2 out of 5 stars 2 out of 5 stars 2 out of 5 stars 2 out of 5 stars 2 out of 5 stars,-74
203,,Romeo Doubs (GB)     ,WR79,14,3 out of 5 stars 3 out of 5 stars 3 out of 5 stars 3 out of 5 stars 3 out of 5 stars,-26
204,,Brevin Jordan (HOU)    ,TE26,6,3 out of 5 stars 3 out of 5 stars 3 out of 5 stars 3 out of 5 stars 3 out of 5 stars,65
205,,Carson Wentz (WAS)    ,QB24,14,4 out of 5 stars 4 out of 5 stars 4 out of 5 stars 4 out of 5 stars 4 out of 5 stars,4
206,,Sterling Shepard (NYG)    ,WR80,9,4 out of 5 stars 4 out of 5 stars 4 out of 5 stars 4 out of 5 stars 4 out of 5 stars,-
207,,Jeff Wilson  (SF)    ,RB62,9,2 out of 5 stars 2 out of 5 stars 2 out of 5 stars 2 out of 5 stars 2 out of 5 stars,45
208,,Donovan Peoples-Jones (CLE)    ,WR81,9,4 out of 5 stars 4 out of 5 stars 4 out of 5 stars 4 out of 5 stars 4 out of 5 stars,49
209,,Curtis Samuel (WAS)    ,WR82,14,4 out of 5 stars 4 out of 5 stars 4 out of 5 stars 4 out of 5 stars 4 out of 5 stars,73
210,,Boston Scott (PHI)    ,RB63,7,3 out of 5 stars 3 out of 5 stars 3 out of 5 stars 3 out of 5 stars 3 out of 5 stars,64
211,,Jared Goff (DET)    ,QB25,6,3 out of 5 stars 3 out of 5 stars 3 out of 5 stars 3 out of 5 stars 3 out of 5 stars,0
212,,Green Bay Packers (GB)    ,DST11,14,3 out of 5 stars 3 out of 5 stars 3 out of 5 stars 3 out of 5 stars 3 out of 5 stars,-75
213,,Miami Dolphins (MIA)    ,DST12,11,3 out of 5 stars 3 out of 5 stars 3 out of 5 stars 3 out of 5 stars 3 out of 5 stars,-39
214,,Jamison Crowder (BUF)    ,WR83,7,4 out of 5 stars 4 out of 5 stars 4 out of 5 stars 4 out of 5 stars 4 out of 5 stars,59
215,,Ronald Jones II (KC)    ,RB64,8,3 out of 5 stars 3 out of 5 stars 3 out of 5 stars 3 out of 5 stars 3 out of 5 stars,-13
216,,David Bell (CLE)    ,WR84,9,4 out of 5 stars 4 out of 5 stars 4 out of 5 stars 4 out of 5 stars 4 out of 5 stars,55
217,,Rex Burkhead (HOU)    ,RB65,6,3 out of 5 stars 3 out of 5 stars 3 out of 5 stars 3 out of 5 stars 3 out of 5 stars,55
218,,Kansas City Chiefs (KC)    ,DST13,8,3 out of 5 stars 3 out of 5 stars 3 out of 5 stars 3 out of 5 stars 3 out of 5 stars,-15
219,,Harrison Butker (KC)    ,K6,8,5 out of 5 stars 5 out of 5 stars 5 out of 5 stars 5 out of 5 stars 5 out of 5 stars,-94
220,,Ryan Succop (TB)    ,K7,11,1 out of 5 stars 1 out of 5 stars 1 out of 5 stars 1 out of 5 stars 1 out of 5 stars,-41
221,,Damien Williams (ATL)    ,RB66,14,1 out of 5 stars 1 out of 5 stars 1 out of 5 stars 1 out of 5 stars 1 out of 5 stars,-
222,,Kenyan Drake (BAL)      ,RB67,10,4 out of 5 stars 4 out of 5 stars 4 out of 5 stars 4 out of 5 stars 4 out of 5 stars,-8
223,,Kendrick Bourne (NE)    ,WR85,10,4 out of 5 stars 4 out of 5 stars 4 out of 5 stars 4 out of 5 stars 4 out of 5 stars,28
224,,Sony Michel (LAC)      ,RB68,8,2 out of 5 stars 2 out of 5 stars 2 out of 5 stars 2 out of 5 stars 2 out of 5 stars,32
225,,Chuba Hubbard (CAR)    ,RB69,13,3 out of 5 stars 3 out of 5 stars 3 out of 5 stars 3 out of 5 stars 3 out of 5 stars,-21
226,,Cleveland Browns (CLE)    ,DST14,9,4 out of 5 stars 4 out of 5 stars 4 out of 5 stars 4 out of 5 stars 4 out of 5 stars,-28
227,,Zach Wilson (NYJ)    ,QB26,10,1 out of 5 stars 1 out of 5 stars 1 out of 5 stars 1 out of 5 stars 1 out of 5 stars,5
228,,Baltimore Ravens (BAL)    ,DST15,10,4 out of 5 stars 4 out of 5 stars 4 out of 5 stars 4 out of 5 stars 4 out of 5 stars,-74
229,,Mo Alie-Cox (IND)    ,TE27,14,2 out of 5 stars 2 out of 5 stars 2 out of 5 stars 2 out of 5 stars 2 out of 5 stars,-
230,,Baker Mayfield (CAR)    ,QB27,13,3 out of 5 stars 3 out of 5 stars 3 out of 5 stars 3 out of 5 stars 3 out of 5 stars,-43
231,,Matt Prater (ARI)    ,K8,13,2 out of 5 stars 2 out of 5 stars 2 out of 5 stars 2 out of 5 stars 2 out of 5 stars,-82
232,,Tyrion Davis-Price (SF)    ,RB70,9,2 out of 5 stars 2 out of 5 stars 2 out of 5 stars 2 out of 5 stars 2 out of 5 stars,5
233,,AJ Green (ARI)    ,WR86,13,2 out of 5 stars 2 out of 5 stars 2 out of 5 stars 2 out of 5 stars 2 out of 5 stars,10
234,,Philadelphia Eagles (PHI)    ,DST16,7,2 out of 5 stars 2 out of 5 stars 2 out of 5 stars 2 out of 5 stars 2 out of 5 stars,-44
235,,D'Ernest Johnson (CLE)    ,RB71,9,3 out of 5 stars 3 out of 5 stars 3 out of 5 stars 3 out of 5 stars 3 out of 5 stars,68
236,,Zay Jones (JAC)    ,WR87,11,4 out of 5 stars 4 out of 5 stars 4 out of 5 stars 4 out of 5 stars 4 out of 5 stars,-
237,,Pittsburgh Steelers (PIT)    ,DST17,9,5 out of 5 stars 5 out of 5 stars 5 out of 5 stars 5 out of 5 stars 5 out of 5 stars,-64
238,,Mike Davis (BAL)    ,RB72,10,4 out of 5 stars 4 out of 5 stars 4 out of 5 stars 4 out of 5 stars 4 out of 5 stars,11
239,,Rodrigo Blankenship (IND)    ,K9,14,4 out of 5 stars 4 out of 5 stars 4 out of 5 stars 4 out of 5 stars 4 out of 5 stars,-34
240,,Jonnu Smith (NE)    ,TE28,10,4 out of 5 stars 4 out of 5 stars 4 out of 5 stars 4 out of 5 stars 4 out of 5 stars,77
241,,Laviska Shenault  (CAR)    ,WR88,13,3 out of 5 stars 3 out of 5 stars 3 out of 5 stars 3 out of 5 stars 3 out of 5 stars,38
242,,Jason Sanders (MIA)    ,K10,11,1 out of 5 stars 1 out of 5 stars 1 out of 5 stars 1 out of 5 stars 1 out of 5 stars,18
243,,Davis Mills (HOU)    ,QB28,6,4 out of 5 stars 4 out of 5 stars 4 out of 5 stars 4 out of 5 stars 4 out of 5 stars,20
244,,Younghoe Koo (ATL)    ,K11,14,1 out of 5 stars 1 out of 5 stars 1 out of 5 stars 1 out of 5 stars 1 out of 5 stars,-84
245,,Braxton Berrios (NYJ)    ,WR89,10,1 out of 5 stars 1 out of 5 stars 1 out of 5 stars 1 out of 5 stars 1 out of 5 stars,-
246,,Brandon McManus (DEN)    ,K12,9,4 out of 5 stars 4 out of 5 stars 4 out of 5 stars 4 out of 5 stars 4 out of 5 stars,-77
247,,Byron Pringle (CHI)    ,WR90,14,3 out of 5 stars 3 out of 5 stars 3 out of 5 stars 3 out of 5 stars 3 out of 5 stars,86
248,,Arizona Cardinals (ARI)    ,DST18,13,3 out of 5 stars 3 out of 5 stars 3 out of 5 stars 3 out of 5 stars 3 out of 5 stars,7
249,,Nick Folk (NE)    ,K13,10,5 out of 5 stars 5 out of 5 stars 5 out of 5 stars 5 out of 5 stars 5 out of 5 stars,-84
250,,Terrace Marshall  (CAR)    ,WR91,13,3 out of 5 stars 3 out of 5 stars 3 out of 5 stars 3 out of 5 stars 3 out of 5 stars,-
251,,Sammy Watkins (GB)    ,WR92,14,3 out of 5 stars 3 out of 5 stars 3 out of 5 stars 3 out of 5 stars 3 out of 5 stars,-34
252,,Tennessee Titans (TEN)    ,DST19,6,2 out of 5 stars 2 out of 5 stars 2 out of 5 stars 2 out of 5 stars 2 out of 5 stars,-12
253,,Robbie Gould (SF)    ,K14,9,3 out of 5 stars 3 out of 5 stars 3 out of 5 stars 3 out of 5 stars 3 out of 5 stars,-56
254,,Cincinnati Bengals (CIN)    ,DST20,10,4 out of 5 stars 4 out of 5 stars 4 out of 5 stars 4 out of 5 stars 4 out of 5 stars,-60
255,,Randall Cobb (GB)    ,WR93,14,3 out of 5 stars 3 out of 5 stars 3 out of 5 stars 3 out of 5 stars 3 out of 5 stars,-1
256,,Bryan Edwards (ATL)    ,WR94,14,4 out of 5 stars 4 out of 5 stars 4 out of 5 stars 4 out of 5 stars 4 out of 5 stars,-
257,,Jake Elliott (PHI)    ,K15,7,2 out of 5 stars 2 out of 5 stars 2 out of 5 stars 2 out of 5 stars 2 out of 5 stars,-30
258,,Adam Trautman (NO)      ,TE29,14,4 out of 5 stars 4 out of 5 stars 4 out of 5 stars 4 out of 5 stars 4 out of 5 stars,-
259,,Eno Benjamin (ARI)    ,RB73,13,2 out of 5 stars 2 out of 5 stars 2 out of 5 stars 2 out of 5 stars 2 out of 5 stars,-17
260,,Zack Moss (BUF)    ,RB74,7,4 out of 5 stars 4 out of 5 stars 4 out of 5 stars 4 out of 5 stars 4 out of 5 stars,18
261,,Dustin Hopkins (LAC)    ,K16,8,5 out of 5 stars 5 out of 5 stars 5 out of 5 stars 5 out of 5 stars 5 out of 5 stars,-8
262,,Marcus Mariota (ATL)    ,QB29,14,3 out of 5 stars 3 out of 5 stars 3 out of 5 stars 3 out of 5 stars 3 out of 5 stars,-26
263,,Cameron Brate (TB)    ,TE30,11,3 out of 5 stars 3 out of 5 stars 3 out of 5 stars 3 out of 5 stars 3 out of 5 stars,-22
264,,Cedrick Wilson  (MIA)    ,WR95,11,2 out of 5 stars 2 out of 5 stars 2 out of 5 stars 2 out of 5 stars 2 out of 5 stars,59
265,,Myles Gaskin (MIA)    ,RB75,11,4 out of 5 stars 4 out of 5 stars 4 out of 5 stars 4 out of 5 stars 4 out of 5 stars,-34
266,,Carolina Panthers (CAR)    ,DST21,13,4 out of 5 stars 4 out of 5 stars 4 out of 5 stars 4 out of 5 stars 4 out of 5 stars,0
267,,Nelson Agholor (NE)    ,WR96,10,4 out of 5 stars 4 out of 5 stars 4 out of 5 stars 4 out of 5 stars 4 out of 5 stars,58
268,,C.J. Uzomah (NYJ)    ,TE31,10,3 out of 5 stars 3 out of 5 stars 3 out of 5 stars 3 out of 5 stars 3 out of 5 stars,0
269,,Wil Lutz (NO)    ,K17,14,4 out of 5 stars 4 out of 5 stars 4 out of 5 stars 4 out of 5 stars 4 out of 5 stars,-62
270,,Minnesota Vikings (MIN)    ,DST22,7,2 out of 5 stars 2 out of 5 stars 2 out of 5 stars 2 out of 5 stars 2 out of 5 stars,-41
271,,Chris Evans (CIN)    ,RB76,10,3 out of 5 stars 3 out of 5 stars 3 out of 5 stars 3 out of 5 stars 3 out of 5 stars,10
272,,Trey Sermon (PHI)    ,RB77,7,3 out of 5 stars 3 out of 5 stars 3 out of 5 stars 3 out of 5 stars 3 out of 5 stars,66
273,,Marlon Mack (HOU)    ,RB78,6,3 out of 5 stars 3 out of 5 stars 3 out of 5 stars 3 out of 5 stars 3 out of 5 stars,-48
274,,Chris Boswell (PIT)    ,K18,9,3 out of 5 stars 3 out of 5 stars 3 out of 5 stars 3 out of 5 stars 3 out of 5 stars,-58
275,,Greg Zuerlein (NYJ)    ,K19,10,0 out of 5 stars 0 out of 5 stars 0 out of 5 stars 0 out of 5 stars 0 out of 5 stars,15
276,,Dan Arnold (JAC)    ,TE32,11,4 out of 5 stars 4 out of 5 stars 4 out of 5 stars 4 out of 5 stars 4 out of 5 stars,-
277,,Matt Breida (NYG)    ,RB79,9,3 out of 5 stars 3 out of 5 stars 3 out of 5 stars 3 out of 5 stars 3 out of 5 stars,-
278,,Mason Crosby (GB)    ,K20,14,4 out of 5 stars 4 out of 5 stars 4 out of 5 stars 4 out of 5 stars 4 out of 5 stars,-40
279,,Greg Joseph (MIN)    ,K21,7,0 out of 5 stars 0 out of 5 stars 0 out of 5 stars 0 out of 5 stars 0 out of 5 stars,-61
280,,Marquez Callaway (NO)    ,WR97,14,4 out of 5 stars 4 out of 5 stars 4 out of 5 stars 4 out of 5 stars 4 out of 5 stars,14
281,,Ameer Abdullah (LV)    ,RB80,6,2 out of 5 stars 2 out of 5 stars 2 out of 5 stars 2 out of 5 stars 2 out of 5 stars,-22
282,,Washington Commanders (WAS)    ,DST23,14,1 out of 5 stars 1 out of 5 stars 1 out of 5 stars 1 out of 5 stars 1 out of 5 stars,-43
283,,Chicago Bears (CHI)    ,DST24,14,1 out of 5 stars 1 out of 5 stars 1 out of 5 stars 1 out of 5 stars 1 out of 5 stars,-18
284,,Graham Gano (NYG)    ,K22,9,1 out of 5 stars 1 out of 5 stars 1 out of 5 stars 1 out of 5 stars 1 out of 5 stars,-40
285,,Trey McBride (ARI)    ,TE33,13,3 out of 5 stars 3 out of 5 stars 3 out of 5 stars 3 out of 5 stars 3 out of 5 stars,-
286,,Jason Myers (SEA)    ,K23,11,5 out of 5 stars 5 out of 5 stars 5 out of 5 stars 5 out of 5 stars 5 out of 5 stars,-2
287,,New York Giants (NYG)    ,DST25,9,2 out of 5 stars 2 out of 5 stars 2 out of 5 stars 2 out of 5 stars 2 out of 5 stars,18
288,,Deshaun Watson (CLE)     ,QB30,9,4 out of 5 stars 4 out of 5 stars 4 out of 5 stars 4 out of 5 stars 4 out of 5 stars,-100
289,,Mitch Trubisky (PIT)    ,QB31,9,3 out of 5 stars 3 out of 5 stars 3 out of 5 stars 3 out of 5 stars 3 out of 5 stars,-4
290,,Quez Watkins (PHI)    ,WR98,7,4 out of 5 stars 4 out of 5 stars 4 out of 5 stars 4 out of 5 stars 4 out of 5 stars,42
291,,Dontrell Hilliard (TEN)    ,RB81,6,4 out of 5 stars 4 out of 5 stars 4 out of 5 stars 4 out of 5 stars 4 out of 5 stars,-41
292,,Hassan Haskins (TEN)    ,RB82,6,4 out of 5 stars 4 out of 5 stars 4 out of 5 stars 4 out of 5 stars 4 out of 5 stars,-31
293,,Nick Westbrook-Ikhine (TEN)    ,WR99,6,3 out of 5 stars 3 out of 5 stars 3 out of 5 stars 3 out of 5 stars 3 out of 5 stars,-
294,,Cairo Santos (CHI)    ,K24,14,3 out of 5 stars 3 out of 5 stars 3 out of 5 stars 3 out of 5 stars 3 out of 5 stars,-14
295,,Velus Jones  (CHI)    ,WR100,14,3 out of 5 stars 3 out of 5 stars 3 out of 5 stars 3 out of 5 stars 3 out of 5 stars,-
296,,Joshua Kelley (LAC)    ,RB83,8,2 out of 5 stars 2 out of 5 stars 2 out of 5 stars 2 out of 5 stars 2 out of 5 stars,-21
297,,William Fuller V (FA)    ,WR101,-,-,-
298,,Randy Bullock (TEN)    ,K25,6,3 out of 5 stars 3 out of 5 stars 3 out of 5 stars 3 out of 5 stars 3 out of 5 stars,-34
299,,Josh Reynolds (DET)    ,WR102,6,3 out of 5 stars 3 out of 5 stars 3 out of 5 stars 3 out of 5 stars 3 out of 5 stars,-
300,,Kyle Rudolph (TB)    ,TE34,11,3 out of 5 stars 3 out of 5 stars 3 out of 5 stars 3 out of 5 stars 3 out of 5 stars,-55
301,,Odell Beckham  (FA)    ,WR103,-,-,-108
302,,Tyler Conklin (NYJ)    ,TE35,10,3 out of 5 stars 3 out of 5 stars 3 out of 5 stars 3 out of 5 stars 3 out of 5 stars,-14
303,,New York Jets (NYJ)    ,DST26,10,4 out of 5 stars 4 out of 5 stars 4 out of 5 stars 4 out of 5 stars 4 out of 5 stars,8
304,,Devin Duvernay (BAL)    ,WR104,10,3 out of 5 stars 3 out of 5 stars 3 out of 5 stars 3 out of 5 stars 3 out of 5 stars,-17
305,,Ke'Shawn Vaughn (TB)    ,RB84,11,2 out of 5 stars 2 out of 5 stars 2 out of 5 stars 2 out of 5 stars 2 out of 5 stars,-29
306,,Tre'Quan Smith (NO)    ,WR105,14,4 out of 5 stars 4 out of 5 stars 4 out of 5 stars 4 out of 5 stars 4 out of 5 stars,-
307,,Giovani Bernard (TB)    ,RB85,11,2 out of 5 stars 2 out of 5 stars 2 out of 5 stars 2 out of 5 stars 2 out of 5 stars,-
308,,Seattle Seahawks (SEA)    ,DST27,11,3 out of 5 stars 3 out of 5 stars 3 out of 5 stars 3 out of 5 stars 3 out of 5 stars,-16
309,,Ka'imi Fairbairn (HOU)    ,K26,6,4 out of 5 stars 4 out of 5 stars 4 out of 5 stars 4 out of 5 stars 4 out of 5 stars,33
310,,Daniel Bellinger (NYG)    ,TE36,9,4 out of 5 stars 4 out of 5 stars 4 out of 5 stars 4 out of 5 stars 4 out of 5 stars,-
311,,Darius Slayton (NYG)    ,WR106,9,4 out of 5 stars 4 out of 5 stars 4 out of 5 stars 4 out of 5 stars 4 out of 5 stars,-
312,,Ty Johnson (NYJ)    ,RB86,10,4 out of 5 stars 4 out of 5 stars 4 out of 5 stars 4 out of 5 stars 4 out of 5 stars,-
313,,Kyren Williams (LAR)    ,RB87,7,2 out of 5 stars 2 out of 5 stars 2 out of 5 stars 2 out of 5 stars 2 out of 5 stars,-
314,,Jalen Reagor (MIN)    ,WR107,7,2 out of 5 stars 2 out of 5 stars 2 out of 5 stars 2 out of 5 stars 2 out of 5 stars,-
315,,Isaiah Likely (BAL)    ,TE37,10,2 out of 5 stars 2 out of 5 stars 2 out of 5 stars 2 out of 5 stars 2 out of 5 stars,-82
316,,Pierre Strong  (NE)     ,RB88,10,4 out of 5 stars 4 out of 5 stars 4 out of 5 stars 4 out of 5 stars 4 out of 5 stars,-
317,,O.J. Howard (HOU)    ,TE38,6,3 out of 5 stars 3 out of 5 stars 3 out of 5 stars 3 out of 5 stars 3 out of 5 stars,22
318,,Kyle Philips (TEN)     ,WR108,6,3 out of 5 stars 3 out of 5 stars 3 out of 5 stars 3 out of 5 stars 3 out of 5 stars,-
319,,Jacksonville Jaguars (JAC)    ,DST28,11,2 out of 5 stars 2 out of 5 stars 2 out of 5 stars 2 out of 5 stars 2 out of 5 stars,17
320,,Kenny Pickett (PIT)    ,QB32,9,3 out of 5 stars 3 out of 5 stars 3 out of 5 stars 3 out of 5 stars 3 out of 5 stars,-100
321,,Greg Dulcich (DEN)    ,TE39,9,3 out of 5 stars 3 out of 5 stars 3 out of 5 stars 3 out of 5 stars 3 out of 5 stars,-
322,,Geno Smith (SEA)    ,QB33,11,3 out of 5 stars 3 out of 5 stars 3 out of 5 stars 3 out of 5 stars 3 out of 5 stars,-
323,,Dyami Brown (WAS)    ,WR109,14,4 out of 5 stars 4 out of 5 stars 4 out of 5 stars 4 out of 5 stars 4 out of 5 stars,-
324,,Quintez Cephus (DET)    ,WR110,6,3 out of 5 stars 3 out of 5 stars 3 out of 5 stars 3 out of 5 stars 3 out of 5 stars,-
325,,Jacoby Brissett (CLE)    ,QB34,9,4 out of 5 stars 4 out of 5 stars 4 out of 5 stars 4 out of 5 stars 4 out of 5 stars,-
326,,Jaylen Warren (PIT)    ,RB89,9,3 out of 5 stars 3 out of 5 stars 3 out of 5 stars 3 out of 5 stars 3 out of 5 stars,-43
327,,Tommy Tremble (CAR)    ,TE40,13,3 out of 5 stars 3 out of 5 stars 3 out of 5 stars 3 out of 5 stars 3 out of 5 stars,-
328,,Harrison Bryant (CLE)    ,TE41,9,4 out of 5 stars 4 out of 5 stars 4 out of 5 stars 4 out of 5 stars 4 out of 5 stars,-
329,,Salvon Ahmed (MIA)    ,RB90,11,4 out of 5 stars 4 out of 5 stars 4 out of 5 stars 4 out of 5 stars 4 out of 5 stars,-
330,,Darrynton Evans (CHI)    ,RB91,14,5 out of 5 stars 5 out of 5 stars 5 out of 5 stars 5 out of 5 stars 5 out of 5 stars,-
331,,Ty Montgomery (NE)    ,RB92,10,4 out of 5 stars 4 out of 5 stars 4 out of 5 stars 4 out of 5 stars 4 out of 5 stars,-
332,,Jerome Ford (CLE)    ,RB93,9,3 out of 5 stars 3 out of 5 stars 3 out of 5 stars 3 out of 5 stars 3 out of 5 stars,-
333,,Justin Jackson (DET)    ,RB94,6,4 out of 5 stars 4 out of 5 stars 4 out of 5 stars 4 out of 5 stars 4 out of 5 stars,-
334,,James Proche II (BAL)    ,WR111,10,3 out of 5 stars 3 out of 5 stars 3 out of 5 stars 3 out of 5 stars 3 out of 5 stars,-
335,,Drew Lock (SEA)    ,QB35,11,3 out of 5 stars 3 out of 5 stars 3 out of 5 stars 3 out of 5 stars 3 out of 5 stars,-1
336,,Jimmy Garoppolo (SF)    ,QB36,9,3 out of 5 stars 3 out of 5 stars 3 out of 5 stars 3 out of 5 stars 3 out of 5 stars,-59
337,,Snoop Conner (JAC)    ,RB95,11,3 out of 5 stars 3 out of 5 stars 3 out of 5 stars 3 out of 5 stars 3 out of 5 stars,-
338,,Phillip Lindsay (FA)    ,RB96,-,-,-
339,,Donald Parham  (LAC)    ,TE42,8,4 out of 5 stars 4 out of 5 stars 4 out of 5 stars 4 out of 5 stars 4 out of 5 stars,-
340,,Khalil Shakir (BUF)    ,WR112,7,4 out of 5 stars 4 out of 5 stars 4 out of 5 stars 4 out of 5 stars 4 out of 5 stars,-
341,,Cade York (CLE)    ,K27,9,3 out of 5 stars 3 out of 5 stars 3 out of 5 stars 3 out of 5 stars 3 out of 5 stars,-95
342,,Danny Gray (SF)    ,WR113,9,3 out of 5 stars 3 out of 5 stars 3 out of 5 stars 3 out of 5 stars 3 out of 5 stars,-
343,,Las Vegas Raiders (LV)    ,DST29,6,3 out of 5 stars 3 out of 5 stars 3 out of 5 stars 3 out of 5 stars 3 out of 5 stars,-76
344,,Chase McLaughlin (FA)    ,K28,-,-,-
345,,Emmanuel Sanders (FA)    ,WR114,-,-,-
346,,Jalen Guyton (LAC)    ,WR115,8,3 out of 5 stars 3 out of 5 stars 3 out of 5 stars 3 out of 5 stars 3 out of 5 stars,-
347,,Olamide Zaccheaus (ATL)    ,WR116,14,4 out of 5 stars 4 out of 5 stars 4 out of 5 stars 4 out of 5 stars 4 out of 5 stars,-
348,,Duke Johnson  (BUF)    ,RB97,7,4 out of 5 stars 4 out of 5 stars 4 out of 5 stars 4 out of 5 stars 4 out of 5 stars,-
349,,Travis Homer (SEA)    ,RB98,11,2 out of 5 stars 2 out of 5 stars 2 out of 5 stars 2 out of 5 stars 2 out of 5 stars,-
350,,Brett Maher (DAL)    ,K29,9,5 out of 5 stars 5 out of 5 stars 5 out of 5 stars 5 out of 5 stars 5 out of 5 stars,-64
351,,Foster Moreau (LV)    ,TE43,6,2 out of 5 stars 2 out of 5 stars 2 out of 5 stars 2 out of 5 stars 2 out of 5 stars,-16
352,,Cole Beasley (FA)    ,WR117,-,-,-
353,,Josh Lambo (FA)    ,K30,-,-,-
354,,DeeJay Dallas (SEA)    ,RB99,11,2 out of 5 stars 2 out of 5 stars 2 out of 5 stars 2 out of 5 stars 2 out of 5 stars,-11
355,,Tyquan Thornton (NE)    ,WR118,10,4 out of 5 stars 4 out of 5 stars 4 out of 5 stars 4 out of 5 stars 4 out of 5 stars,-
356,,Jelani Woods (IND)    ,TE44,14,2 out of 5 stars 2 out of 5 stars 2 out of 5 stars 2 out of 5 stars 2 out of 5 stars,-
357,,Tyler Badie (BAL)    ,RB100,10,4 out of 5 stars 4 out of 5 stars 4 out of 5 stars 4 out of 5 stars 4 out of 5 stars,-
